applications,seats,placements_pct,ad_budget,courses,annual_fees,last_year_admissions,admissions
3000,1926,57.0,625036,5,199023,1781,1464
3000,1660,67.7,619659,12,97971,1371,1336
3000,2094,83.0,447109,5,191795,1493,1618
3000,1930,61.0,663791,5,230590,1419,1340
3000,1895,87.5,394696,7,149468,1755,1667
3000,1844,86.3,169194,9,147365,1435,1588
1886,921,78.3,486398,9,152500,761,797
1774,1266,82.8,765657,8,89398,998,994
3000,2038,82.2,650955,5,231104,1556,1714
1486,1130,77.1,496664,7,227107,810,956
1313,887,67.0,545700,6,249634,759,723
3000,2196,85.7,750005,6,177407,1901,1850
3000,1923,89.3,388407,8,206459,1409,1713
3000,1671,68.3,318604,8,110468,1482,1258
1740,930,66.7,783614,5,191818,843,768
3000,2132,76.9,701679,12,188703,1975,1884
2696,1569,73.0,312591,5,232712,1096,1248
2448,1143,79.2,413922,12,220389,847,993
2642,1605,87.7,378856,6,239232,1458,1345
1800,1185,60.0,187349,6,227046,841,910
2578,2015,90.7,769630,6,227021,1312,1680
3000,1755,74.7,371105,6,86152,1599,1331
2053,1076,82.1,710237,9,223043,805,939
3000,1984,82.9,216336,5,181309,1536,1688
1420,1259,83.9,474467,5,141578,987,1000
3000,2137,78.5,97252,6,84890,1933,1675
1000,821,80.4,630239,7,193593,617,679
1972,1052,80.3,498258,6,132435,965,973
3000,1547,73.0,530425,10,156861,1292,1282
2619,1656,63.9,117239,11,194302,1338,1311
1731,1274,68.2,231948,11,234561,953,941
3000,1882,77.2,133518,8,219451,1361,1347
2618,1310,71.7,288018,10,153854,1097,1054
2550,1499,71.7,531756,7,142862,1175,1307
3000,1775,92.4,487654,8,116961,1639,1551
1144,989,84.9,520748,11,140175,789,716
2908,1757,76.0,475461,7,94433,1412,1488
2809,1486,83.4,276581,8,244943,1152,1089
3000,1757,74.6,256045,6,175436,1558,1442
1767,1362,78.9,178683,12,97366,1059,1108
3000,2067,81.5,691331,6,136741,1511,1709
2786,1631,74.7,523865,7,170732,1482,1391
3000,1954,72.5,214288,8,168255,1620,1484
1800,1446,87.8,207591,9,81213,1196,1151
1682,820,82.9,708586,7,241397,683,648
2088,1640,60.0,614766,12,123191,1420,1310
1392,966,72.7,554767,7,77832,719,825
2976,2097,71.7,372942,12,88378,1384,1546
2444,1187,73.0,268622,10,176534,1060,1004
2576,1400,84.9,785205,5,99112,964,1064
2204,1115,78.2,654012,7,82302,966,879
1118,813,66.9,297281,9,141435,549,616
1861,1041,74.9,690247,6,183983,794,878
2725,1576,82.3,626431,8,94572,1054,1288
3000,2169,76.2,293898,5,129832,1750,1606
2860,1364,72.8,387118,8,148108,1154,1182
1889,1697,80.6,213886,6,102906,1190,1393
3000,2163,90.9,159958,7,163563,1647,1650
1031,891,81.7,600389,10,89912,828,722
3000,2190,88.4,272609,9,83141,1714,1725
2486,1755,73.4,670443,5,165971,1563,1624
1880,1308,77.9,796838,9,118382,1214,1118
2344,1575,77.8,135166,12,91690,1484,1361
1487,834,78.9,420585,11,149185,767,722
1475,1005,81.5,657485,9,235150,749,842
3000,1904,70.6,648045,9,201734,1787,1518
2820,1825,83.2,627198,9,217733,1631,1613
2140,1821,65.0,331276,6,227585,1641,1303
2678,1365,67.3,406774,9,245210,893,1076
2728,1929,95.1,508377,10,208568,1806,1698
2367,1502,73.9,781237,9,181471,1327,1260
2227,1201,83.8,315834,6,138950,1057,943
2241,1529,91.6,744664,12,106788,1031,1325
1117,961,59.5,273937,8,195165,692,685
1513,1001,87.0,792134,6,249116,940,881
3000,1795,83.2,562590,11,156788,1436,1528
1931,1069,91.1,413728,11,201644,822,833
2969,1615,68.5,521641,10,161641,1457,1291
3000,2094,89.6,276222,12,150588,1416,1677
1655,1255,72.1,277405,10,146803,973,956
3000,2075,86.4,161759,7,163309,1583,1680
3000,1816,77.7,162116,6,139207,1371,1334
1327,1095,84.2,330324,8,206035,813,1017
2135,1519,78.4,629256,7,227998,1083,1358
1596,1137,63.3,517739,7,229505,798,974
2643,1678,55.0,153861,5,114847,1413,1134
3000,1876,79.7,693610,9,231784,1737,1404
1868,1591,75.9,512985,7,134771,1277,1243
1697,1016,81.2,771816,7,129129,751,885
2028,1563,76.0,562534,10,202182,1091,1271
2140,987,94.1,206126,8,128322,887,783
1444,1179,79.8,421124,7,84269,1110,834
1995,1292,74.4,546918,12,140383,975,1034
3000,1864,80.7,100351,11,201256,1374,1442
3000,1980,74.6,90735,8,132218,1644,1455
1274,814,78.7,173170,9,185173,718,616
1280,864,68.3,261198,11,190521,680,642
2029,1320,77.9,389275,10,203404,1108,1180
3000,2167,74.2,430957,12,231998,1874,1840
2588,1952,69.0,179380,11,150699,1831,1593
2361,1447,93.8,564842,5,104126,1012,1234
2632,1886,69.3,509219,5,130812,1790,1359
2779,1962,78.1,292014,9,150629,1506,1624
2537,1392,71.6,89835,9,199931,1207,1166
2579,1191,80.4,135906,11,77296,979,1046
2149,1218,67.8,362020,10,130262,970,1013
1289,1088,84.7,190862,12,211472,935,862
1394,1178,94.3,351310,10,192400,906,964
2211,1030,71.3,532291,12,203054,708,896
2593,1817,87.7,474011,6,217067,1448,1333
1009,840,74.9,246447,7,212066,678,669
3000,1851,90.0,327552,7,194382,1315,1458
1668,934,95.5,522102,12,151941,869,915
1813,1000,76.1,699816,7,247130,718,829
2201,1579,65.8,622314,8,174588,1220,1292
1931,1729,85.6,478448,6,110485,1204,1400
3000,1856,79.8,340851,11,126242,1505,1448
2574,1871,82.0,342837,7,196373,1389,1527
2400,1302,75.3,713180,8,236829,1037,1129
2264,1206,70.9,108255,12,106276,865,1009
2841,1604,87.3,791348,12,89411,1068,1488
1297,898,80.6,558350,8,229268,794,749
2074,1483,66.5,570419,5,235174,1249,1112
2680,1525,83.5,107358,8,123366,1147,1135
3000,1760,81.9,515981,9,141025,1169,1615
3000,1412,75.4,429040,10,190533,1284,1176
1754,1442,91.0,156161,8,132738,1011,1277
2322,1828,73.1,280104,9,228503,1699,1345
3000,2041,76.6,721026,9,93826,1620,1946
2487,1302,84.1,475992,5,81647,979,1011
3000,1566,78.6,377660,11,111485,1366,1262
1584,1197,66.9,132331,5,125065,1093,905
2916,1670,79.5,594167,12,94762,1271,1511
2983,1594,74.7,586053,12,86496,1231,1410
2203,1192,84.9,522111,8,207231,930,888
1558,1006,79.2,447389,5,103748,932,776
2053,1838,78.8,392325,5,234936,1577,1323
2944,1691,69.6,507155,11,139400,1225,1278
2292,1663,76.2,248045,10,192356,1173,1304
2460,1542,85.8,757707,7,114445,1109,1161
3000,2064,71.8,503932,12,117056,1505,1799
2098,1363,77.7,304059,8,175574,980,1130
3000,1820,70.5,403769,12,173113,1543,1629
1170,895,68.5,660093,11,209528,613,692
2362,1284,77.3,196364,8,207617,984,950
2240,1030,79.4,290842,12,192370,863,904
1876,1548,94.0,569246,8,153598,1141,1384
2212,1994,74.4,307152,5,230862,1335,1649
2113,1340,77.6,650601,10,183951,904,1209
2234,1859,68.0,173927,5,248285,1279,1390
2546,1324,82.9,629134,9,218390,1193,1105
3000,1983,81.2,129213,6,82754,1680,1592
3000,2066,89.9,89067,6,131104,1383,1549
2643,1909,86.9,726721,11,175078,1465,1662
2173,1377,80.8,498564,6,201257,1010,1094
2808,1481,74.2,333315,11,171309,1219,1227
1505,1356,79.6,247468,7,212573,1094,1126
3000,1812,77.1,524158,5,124465,1439,1436
2564,1445,85.6,446482,12,107185,1076,1187
2873,1595,84.6,793950,9,84435,1103,1390
2529,1851,75.6,787916,9,175330,1615,1459
3000,2163,66.3,537218,6,195505,1977,1781
2586,2154,88.7,398867,10,132076,2010,1771
2864,2171,82.7,433621,7,182377,1449,1741
3000,2054,75.4,571385,11,84128,1791,1742
1892,989,82.3,153134,7,92376,858,707
2284,2048,78.6,316413,6,197807,1913,1723
3000,2200,88.5,134196,11,139412,1597,1688
2813,2106,62.6,132820,11,192483,1838,1547
2002,1432,74.8,221004,6,220551,954,1156
1958,1427,90.8,429382,12,224209,1198,1239
2071,1772,82.5,645038,5,105129,1338,1623
3000,2082,92.2,429557,10,160100,1834,1636
3000,2182,68.2,321543,7,203437,1983,1577
2667,1509,86.6,139294,9,210447,1146,1112
2665,1448,86.1,476213,6,212318,1170,1209
1328,1117,64.5,275313,5,114929,765,815
3000,2048,75.6,522753,9,108694,1587,1603
3000,2057,77.1,783575,12,178252,1560,1772
2945,1483,65.0,160146,7,204690,1045,1060
2934,1463,75.8,232730,6,130849,1344,1266
3000,2197,85.0,420628,11,93323,1526,1733
3000,2056,74.9,777402,12,200431,1729,1711
2556,1936,79.9,635703,12,127447,1775,1406
2207,1241,80.0,726725,10,104113,1146,971
2613,1363,77.9,320275,6,100852,1210,1049
3000,2091,72.4,794268,12,130109,1470,1762
3000,1936,83.3,154040,10,178719,1733,1599
2058,1751,65.3,118140,5,137720,1283,1138
2872,1904,78.1,696034,5,78616,1764,1619
3000,1498,89.1,747631,12,91959,1292,1391
1590,912,74.4,145221,7,125838,808,733
1355,801,72.2,161668,10,190448,541,666
2011,1441,83.8,103885,6,92240,1189,1015
1534,1019,79.3,155245,5,173115,913,804
3000,1654,84.0,230782,6,95980,1503,1458
3000,2048,78.3,778455,7,112033,1349,1874
2328,1184,58.9,560859,10,105133,1103,1082
3000,1953,87.4,640558,6,86765,1295,1664
3000,1876,94.6,638820,9,192483,1565,1568
2100,1529,88.3,465253,6,156096,1312,1051
1962,1046,55.0,654192,8,220434,714,786
2568,1635,81.6,508981,8,92306,1086,1305
1590,1002,74.3,306473,11,100328,887,785
3000,2007,69.3,483999,7,128630,1536,1518
1964,922,79.0,464126,7,209027,629,777
1404,1200,76.8,672886,7,128508,1055,995
3000,1566,82.1,786844,9,146473,1417,1375
1554,1093,78.5,375951,10,127781,903,924
1714,1079,69.0,629641,9,89039,754,865
1892,1683,73.4,151829,11,239401,1102,1378
1427,997,72.1,639319,6,170994,858,751
2944,1781,64.3,347420,12,212871,1452,1394
1802,1551,67.0,108361,5,190212,1311,1150
1547,943,76.3,341537,10,164994,843,670
2985,1408,89.4,519663,8,90694,1099,1165
2461,2024,73.7,165860,8,187478,1391,1605
3000,1947,71.9,745305,11,102190,1815,1615
1529,986,68.5,135924,12,147517,802,673
3000,2149,78.2,749605,8,185095,1794,1717
1751,1263,87.4,589139,11,211890,1175,987
2770,2172,94.0,317393,6,194883,2019,1792
1862,1459,80.3,361340,6,192518,1199,1154
1840,1563,79.1,613383,7,101082,1155,1153
2288,1754,73.7,513059,5,135572,1665,1244
2200,1202,75.0,563583,7,82510,1027,949
3000,2169,83.0,360199,6,200908,1676,1723
1888,946,75.5,431226,9,241703,774,748
3000,1971,76.7,792705,7,121219,1527,1703
2031,1663,77.8,234024,10,90347,1524,1324
1827,1288,73.3,380856,6,158225,1024,1042
2490,1728,77.4,290113,6,224922,1550,1222
1856,1350,61.8,630880,12,171595,1218,1088
1895,1137,82.4,630089,12,83186,1020,1040
2823,1671,96.8,290561,9,245498,1448,1328
2149,1440,73.6,138601,9,220014,1305,1047
1894,1272,81.0,88232,9,98029,975,951
1911,950,84.8,387764,12,236315,650,779
3000,2121,88.2,375443,5,153870,1915,1709
1528,1062,75.9,791641,10,140082,849,877
1985,943,63.6,418257,6,155684,649,652
2460,1145,80.1,264621,9,221050,784,996
2077,1423,79.0,721685,5,190409,993,1218
2706,1816,75.2,433569,8,85368,1590,1471
2782,1680,76.9,511406,10,242581,1450,1385
1710,801,79.1,148881,11,100862,570,630
3000,1696,80.9,355700,11,205474,1533,1329
2580,2127,80.6,759841,12,186324,1562,1626
1613,1053,76.3,504444,8,107817,935,943
2139,1252,81.1,328041,8,104878,997,1010
3000,1860,75.7,530480,6,227307,1617,1359
2604,1983,83.1,735496,5,148447,1516,1551
3000,1814,73.0,277273,5,189551,1368,1430
1490,808,78.6,443684,8,163212,729,675
3000,2056,65.0,770257,10,202287,1358,1643
3000,1922,75.0,204125,7,158867,1811,1380
3000,1615,82.5,598158,8,125291,1364,1321
1594,1007,69.7,522426,6,138592,785,709
3000,1954,75.4,569366,8,225339,1638,1558
1536,1203,58.8,332878,10,156906,826,894
1751,951,67.1,305993,10,112354,765,829
1106,853,69.1,572631,8,238556,807,667
3000,1943,78.8,235191,5,214405,1400,1525
1930,1427,80.7,382151,8,84742,1237,1255
1704,1386,77.6,215486,9,249815,1082,999
1157,903,74.9,85979,9,196612,764,654
1161,1053,75.0,778441,7,103047,749,843
3000,2050,83.7,390826,6,116504,1622,1470
3000,1935,79.7,777932,12,196178,1827,1660
2181,1309,75.3,181033,6,211458,928,1083
1147,898,88.3,502904,11,116831,755,789
1135,952,93.6,224701,5,119970,783,800
1920,1713,68.0,648853,12,128746,1404,1354
2150,1677,82.2,644266,6,179653,1400,1287
2365,1137,98.0,161077,7,105068,910,1056
2214,1621,80.2,736686,9,93243,1062,1392
2959,1986,78.9,220133,5,193801,1827,1367
2135,1756,77.6,521344,10,211342,1577,1657
1291,960,81.9,789656,9,162663,674,818
2674,1600,84.0,715326,7,138671,1238,1129
2117,1197,68.0,768726,5,150607,1055,1082
2877,2100,77.8,326671,12,142971,1982,1449
1879,1615,59.8,156014,8,242997,1511,1207
2996,1958,76.3,215610,6,209416,1801,1590
2740,2018,70.8,440356,7,111415,1408,1659
1610,1200,80.7,651125,5,142233,1109,1078
3000,1439,64.7,188111,9,170202,1315,1193
3000,1856,73.9,555007,5,182273,1416,1671
2547,1487,85.7,312976,8,156932,1143,1199
1961,1259,72.6,325665,7,216772,992,960
2757,1754,62.8,556581,5,209331,1485,1355
2151,1269,80.1,416240,10,163403,924,1132
3000,2198,73.3,664664,7,224525,1444,1732
3000,1845,76.5,192261,7,206441,1277,1508
1996,1549,72.2,648763,9,211252,1211,1207
1381,837,93.8,126249,12,242370,615,646
1598,1029,65.5,219719,11,121632,905,859
3000,2188,98.0,552428,6,121838,1492,1884
2444,1362,74.9,695546,11,230567,1260,1021
2085,1237,79.5,261929,12,210140,1136,950
2584,2106,73.4,315578,10,237145,1943,1381
1459,826,73.1,466727,8,86048,720,656
1260,1025,71.7,232332,5,184857,699,755
3000,2100,82.8,664033,11,100310,1641,1742
2008,1597,66.7,637018,6,163182,1101,1372
2016,1083,80.9,184610,12,102256,1025,899
2227,1678,60.5,413957,9,97414,1258,1510
2693,1759,80.2,637876,6,77129,1452,1505
2611,1252,84.8,322877,7,185292,1107,1057
2410,1819,67.8,535837,7,137829,1685,1469
2679,1615,83.4,116153,8,93408,1416,1240
2276,1458,78.4,518256,10,131497,1243,1161
1507,1346,90.8,189910,5,104565,1063,1021
3000,2015,71.2,678020,5,239797,1676,1622
2201,1872,98.0,335924,9,131001,1270,1522
1323,816,58.9,282719,8,133442,747,649
3000,1995,75.4,685440,5,221975,1622,1670
3000,2043,64.4,116104,10,188357,1353,1488
1778,957,92.8,365558,12,199280,886,778
1759,1276,75.9,346403,7,186300,1017,1015
2076,1869,76.6,285056,12,240584,1702,1389
3000,2196,81.5,736463,12,111225,1992,1846
2225,1317,78.0,620668,8,248082,1178,1067
1814,898,73.2,126025,6,220417,600,801
3000,1860,67.9,594575,11,178070,1347,1422
2188,1079,79.3,459655,11,190915,985,866
3000,2172,81.0,728625,8,188545,1998,1773
1901,1296,83.6,305321,12,85219,1020,1027
2170,1101,93.3,493397,8,113153,861,995
1564,980,60.6,440544,10,243257,688,765
1830,1406,77.5,432484,10,168514,1322,1042
3000,1922,87.5,408396,5,141212,1372,1690
3000,1499,77.0,228053,11,208357,1060,1234
2890,1792,59.3,624111,9,166791,1520,1491
2294,1939,67.7,404962,9,77303,1402,1578
1511,990,80.6,770132,12,203842,922,801
2087,1052,80.3,267782,10,203138,687,857
3000,1780,83.4,571576,5,103901,1160,1544
2286,1727,71.8,757316,5,242416,1384,1360
2329,1984,80.1,557690,5,114184,1580,1621
3000,2079,70.4,707316,12,155106,1453,1812
3000,2146,80.1,675786,12,95079,1713,1675
1572,927,78.4,339285,10,180574,717,704
1769,817,71.4,512089,9,140704,749,584
1601,1365,90.5,192508,5,136805,891,1069
2482,1369,64.4,465579,10,219721,1291,1238
2536,2146,76.9,245904,6,76673,1797,1562
2247,1485,71.3,615491,6,214641,1033,1191
2827,1425,92.7,460202,7,175003,946,1277
3000,2111,82.8,376084,6,247567,1713,1708
3000,1653,72.8,273534,8,178153,1191,1226
3000,1761,75.8,799063,7,84691,1304,1635
1386,954,92.9,131632,6,83863,690,755
1730,1289,70.4,111364,8,229552,1089,952
2353,1584,63.9,236425,6,222212,1293,1180
2909,1927,80.3,779172,10,135531,1298,1719
1228,1045,80.5,785051,11,183156,844,862
3000,1999,83.3,551548,8,160678,1774,1816
2999,1862,83.4,713677,5,244254,1256,1684
2952,1558,92.2,234052,10,241243,1429,1287
2437,1337,64.3,779870,11,247172,1101,1145
3000,1720,68.4,182805,8,226629,1609,1251
1339,1207,83.3,152810,10,234172,838,896
1773,1324,69.2,160792,5,113024,1255,907
2974,1627,66.3,492652,8,220426,1372,1299
2778,1702,92.9,642302,8,199050,1396,1469
1000,835,65.0,344000,11,243488,672,583
2946,1484,75.2,784085,10,174971,975,1345
1597,819,77.5,392782,6,89904,763,627
1908,1120,88.5,188323,8,179545,944,918
1538,1311,63.0,415496,6,195152,888,1053
2330,1199,81.3,568907,8,113556,787,1091
2531,1453,70.9,679203,9,143970,967,1300
3000,1771,83.0,410313,7,179738,1475,1589
2447,1270,70.7,507397,6,140469,1059,1083
3000,1966,90.6,272488,6,140616,1573,1586
3000,1915,70.8,545060,11,98290,1421,1535
2731,2177,58.3,789900,5,239631,1762,1731
3000,1633,71.7,115319,9,206337,1314,1397
2720,1526,75.9,718302,5,75218,1001,1262
3000,1653,86.7,484843,9,208982,1215,1391
1094,850,67.9,261511,9,204464,566,715
1806,1374,68.1,767521,12,76703,1264,1144
3000,2013,85.7,428015,10,139681,1746,1582
3000,1948,67.0,318817,10,181181,1848,1641
1992,949,76.6,210678,10,154231,703,723
2153,1113,76.7,256006,8,211148,1017,911
2405,1369,79.7,679651,11,149455,1138,1196
3000,2165,72.0,522375,5,101926,1702,1750
2294,1104,70.6,737537,7,245873,791,802
2572,1481,80.7,247017,9,117357,1291,1243
2939,1637,70.8,167220,9,200596,1508,1268
2388,1877,67.1,84383,11,100052,1353,1469
2922,1802,87.8,445661,6,132577,1266,1521
2347,1243,81.9,798781,8,152355,1068,1104
1974,1412,92.1,580375,7,108641,1332,1156
2370,1792,84.3,302044,10,153743,1568,1403
1536,1063,67.9,711338,9,102503,782,878
2562,1876,78.8,642840,6,172826,1456,1557
2410,1803,69.9,91099,5,191150,1380,1285
1260,804,64.8,668140,9,85926,728,700
3000,1926,74.4,296379,6,227448,1698,1467
3000,2019,85.9,187765,5,107400,1669,1466
2055,1573,80.2,242958,8,114438,1152,1273
1986,1676,66.9,417377,10,190736,1561,1474
3000,1791,74.1,385905,11,157031,1515,1353
2560,1683,76.9,287999,5,162394,1584,1294
3000,2173,64.5,203997,9,97427,1791,1763
1544,846,83.7,628806,12,216004,758,758
3000,1666,76.2,792879,12,182984,1489,1512
2269,1622,66.9,640010,7,98692,1218,1314
3000,1735,66.4,293075,5,140450,1630,1101
2023,1455,86.8,256262,7,216822,955,1168
2278,1068,75.0,236719,7,174462,940,865
2104,1169,87.5,178420,5,94014,1098,986
2091,1435,90.6,476958,11,140236,1079,1155
2694,1929,86.2,515888,11,117472,1629,1780
1907,1456,73.7,587962,12,165556,1192,1186
1713,919,58.0,569754,8,222588,807,719
2185,1630,80.5,290480,11,151347,1483,1245
3000,1881,94.7,317824,5,150835,1563,1619
3000,2169,77.7,570690,12,233436,1941,1695
2815,1540,62.1,331602,11,175832,1145,1272
1829,916,72.6,233089,6,174083,658,680
3000,1590,76.5,349522,10,120834,1239,1294
3000,1950,69.2,275901,7,181351,1664,1355
2367,1812,57.5,143585,10,175784,1280,1415
2252,1881,77.2,677700,12,144449,1607,1570
2678,1433,71.7,694240,9,248372,1101,1254
1975,1312,92.2,238220,7,229331,1166,1038
2523,1601,78.8,126636,12,206178,1058,1306
2177,1919,81.8,611956,9,169035,1632,1581
2689,1941,77.0,232301,6,155860,1640,1563
1545,1359,78.7,363274,6,107357,1267,1094
2660,1287,64.8,126177,10,128504,1112,1010
2818,2060,69.7,242914,6,210443,1831,1468
2905,1696,86.7,650890,12,154406,1563,1441
2394,2095,79.7,659165,12,229397,1786,1683
3000,2012,74.8,229101,5,100884,1483,1681
2187,1503,81.9,321858,7,163961,1369,1251
2881,1380,82.0,176652,9,188219,1206,1110
3000,1589,93.9,133404,11,165448,1235,1257
2420,1660,79.3,794364,10,230615,1433,1364
2187,1046,69.5,552028,10,248174,952,880
3000,1899,77.1,470309,6,95271,1790,1703
1914,953,82.9,631159,6,97742,892,809
3000,1796,86.0,684856,12,97807,1343,1676
2623,1909,65.1,660835,9,194206,1482,1584
2595,1496,80.0,91908,7,140218,1022,1196
2475,2108,70.8,214502,7,203330,1527,1538
2461,2043,73.5,551532,12,145958,1869,1658
3000,1892,84.8,350547,10,184831,1435,1469
2729,1870,84.0,787388,9,209725,1564,1642
3000,1808,72.6,559091,10,170938,1536,1476
1775,893,76.7,768715,12,169413,790,803
3000,1757,73.7,225041,11,90441,1238,1309
3000,1811,98.0,702049,8,146887,1343,1628
1710,1252,80.2,311374,7,170511,982,995
2320,2027,71.3,792487,9,155847,1539,1704
2656,1711,88.6,193536,11,232637,1617,1415
1264,1017,88.9,451765,9,233643,916,823
1432,1273,92.3,650848,10,218836,1011,1248
1842,1231,94.7,391503,6,140677,1125,1036
2237,1140,83.7,417021,12,200527,860,971
2326,1350,75.2,790176,9,144175,1196,1210
3000,2112,76.4,386222,10,115704,1515,1644
3000,2077,75.7,514932,5,135008,1831,1603
1567,1156,74.8,119269,6,87419,910,913
1000,822,87.9,686391,6,133061,561,723
2564,1321,78.0,546681,7,155630,967,1178
3000,1923,85.8,370894,8,242209,1482,1426
3000,1601,83.4,91642,7,129847,1401,1241
2289,2003,69.2,506002,5,232929,1346,1591
3000,2046,64.3,89114,10,115050,1735,1609
2781,1561,68.1,80867,12,108420,1350,1250
2134,1241,74.6,523591,6,165824,1050,956
2802,1568,79.1,216092,6,192689,1377,1268
3000,1815,72.8,218159,11,82758,1277,1463
3000,2148,83.6,550356,9,113687,1775,1818
2287,1315,73.8,118662,12,154745,1226,962
3000,1839,80.1,305652,8,132926,1532,1383
3000,1591,78.9,187591,8,199709,1326,1403
1801,1135,91.9,497727,9,164453,989,1013
1985,1057,70.2,556471,12,103063,793,885
1980,1296,95.7,599218,5,231531,1115,1089
2291,1695,73.2,263766,8,126258,1568,1499
1685,959,67.3,144260,6,202948,626,727
3000,1651,76.3,136652,5,211485,1504,1255
3000,1489,98.0,386829,7,243553,1066,1198
1740,1179,85.2,761008,12,162239,928,1017
2951,1756,82.8,236765,7,182771,1590,1243
1986,1490,84.4,264854,5,133603,1337,1197
3000,2091,71.8,152640,6,193681,1919,1704
3000,1991,80.6,516011,11,156092,1856,1787
3000,1866,78.0,569508,7,151589,1463,1471
2152,1084,92.5,542910,10,224707,918,816
2256,1196,77.1,700014,6,83780,918,1030
1421,811,75.0,430227,9,229343,612,715
2462,2125,68.7,176809,8,224112,1656,1421
3000,2076,79.1,288372,11,163614,1812,1624
2391,1298,80.3,556950,11,160785,1039,1127
2866,1553,68.4,521448,5,138316,1389,1182
1260,834,81.6,462322,8,248980,729,609
3000,1526,79.9,571734,9,94455,1001,1237
2116,1648,86.1,538921,7,178288,1383,1305
1467,889,87.7,714554,11,194294,694,694
2929,1575,78.8,501932,10,238508,1240,1404
2621,1404,69.7,640593,6,211536,1257,1267
3000,1769,71.4,259069,12,187673,1440,1416
2555,1821,92.1,568291,11,95442,1667,1622
1548,1217,79.3,729580,11,140403,1051,945
1645,914,92.0,357727,6,99297,746,744
2491,1416,82.0,640955,9,229212,1241,1166
2619,2019,84.0,601848,5,206184,1336,1692
3000,1625,85.5,122859,11,207569,1069,1087
3000,1898,68.2,498686,11,189145,1281,1520
2223,1212,80.5,173736,8,163733,947,996
3000,2199,68.1,776470,12,101245,1585,1889
1966,1528,75.7,664213,10,132697,1444,1333
2354,2100,83.1,159001,7,98960,1707,1539
3000,1820,69.8,167661,5,201860,1545,1116
2762,1560,82.5,508021,12,103040,1144,1410
2758,1475,66.0,328320,10,197870,1101,1232
2540,1256,87.1,105132,10,196145,943,1110
3000,1719,72.7,469982,9,155378,1478,1410
2138,991,69.8,359248,12,98665,785,833
2598,1538,66.5,152775,9,130090,1239,1356
3000,1922,73.4,657383,6,131016,1591,1402
2740,1777,62.7,738855,7,197567,1565,1496
2294,1808,73.6,624748,5,94905,1224,1563
1548,895,86.8,672144,6,220087,790,770
2054,1462,76.5,235873,11,208176,1197,1159
3000,2013,68.6,269773,7,107604,1713,1397
1456,836,79.8,230140,8,200854,626,724
3000,2192,79.1,630846,8,191990,1694,1934
1607,1078,93.7,762500,6,205921,775,999
1176,1016,84.3,596123,5,108062,959,824
1891,1666,80.4,714656,7,102578,1331,1354
2618,1672,85.2,539863,8,116385,1586,1393
2501,2096,76.9,359115,8,139028,1670,1824
1522,861,77.4,386548,5,213891,616,675
2886,1395,91.3,134231,12,204137,1119,1252
3000,1528,64.9,102649,6,236954,1011,1141
3000,2165,85.7,580742,9,85260,1995,1720
1593,1196,77.1,395669,11,77022,1071,842
3000,1498,75.7,477595,10,197349,1300,1294
3000,1842,73.6,481516,11,123875,1534,1587
1285,976,79.2,279711,7,133464,804,704
2284,1195,77.7,422643,8,170690,1134,1068
1760,1244,74.7,418947,10,92922,912,916
3000,2056,72.4,359668,10,187472,1817,1710
1922,875,62.8,670886,9,131901,721,764
1206,1064,72.2,404838,10,185725,1003,898
2617,1254,73.9,514624,5,220951,1127,900
2708,1517,79.2,724774,6,104944,1440,1366
3000,1534,93.7,703688,7,237903,1268,1333
2659,1650,73.1,721104,5,167870,1174,1337
3000,2190,69.8,274404,6,236512,1754,1759
1102,943,72.3,105187,5,111353,814,737
2473,1684,79.2,267968,8,180798,1486,1158
2221,1892,82.7,280669,8,145680,1230,1360
3000,1922,83.8,734739,9,210489,1540,1768
2388,1195,84.6,547455,5,181034,861,1028
3000,1848,85.8,138827,11,161540,1686,1493
3000,1747,75.8,177473,10,234772,1216,1290
2017,1690,94.4,192087,8,140995,1436,1373
3000,1974,75.2,533904,12,113497,1441,1764
2317,1967,78.9,609498,6,181418,1489,1823
1822,1368,88.4,698944,12,184205,1275,1161
2518,1862,82.5,757258,12,151842,1345,1694
1467,908,60.1,225227,9,160157,616,776
2602,1865,78.0,303036,12,242922,1251,1364
2433,2009,84.9,253032,12,203220,1610,1791
2227,1734,67.3,338308,12,94355,1461,1384
1511,1197,84.0,738559,10,112123,896,1027
3000,2046,81.1,494081,7,245726,1754,1610
2773,1433,87.5,611498,5,202131,958,1187
3000,1956,72.5,432886,11,235133,1774,1516
3000,1986,86.0,100778,12,128176,1777,1483
2866,2038,79.3,126221,12,204827,1927,1644
3000,1532,92.1,467305,8,199950,1426,1385
1508,1034,98.0,597528,11,126571,783,844
2083,1457,90.3,235038,10,171393,1122,1124
2101,1550,81.8,599775,6,184798,1354,1291
1724,1387,96.6,663679,5,159198,957,1091
2532,1832,82.8,376566,11,219756,1363,1516
2828,1897,70.7,617422,6,220752,1301,1512
3000,1753,77.7,370902,9,223855,1379,1277
1509,1291,84.1,568412,8,215599,1053,1091
2280,1712,84.6,630078,8,160415,1221,1383
3000,2076,69.0,794187,9,141752,1366,1852
2590,2053,69.3,328686,6,220491,1778,1549
2949,1997,75.3,375949,11,160785,1310,1541
3000,1991,82.3,199246,5,118115,1876,1534
1231,969,83.3,226933,6,163785,694,809
2078,1745,79.1,579244,5,99824,1482,1563
2603,1594,71.3,740273,10,196035,1244,1399
2053,1433,91.9,364116,12,133786,957,1152
3000,2017,69.4,209488,9,120615,1597,1556
1643,828,88.4,285272,7,242389,667,672
2487,1988,83.9,407637,5,210954,1802,1558
1979,1138,88.2,289268,8,212737,990,910
3000,2188,74.4,248177,12,184151,1474,1624
2725,2165,76.9,609909,10,221855,1543,1897
2321,1299,78.4,85648,8,207853,966,1062
1835,1310,74.2,468246,10,179785,897,1063
3000,2150,79.8,651512,8,243197,1692,1927
1210,1016,90.6,271684,6,108529,960,829
3000,2124,67.6,514370,11,240091,1709,1604
2810,1955,72.7,561608,6,145252,1706,1538
3000,1893,71.9,551618,6,167470,1618,1668
2413,2075,77.2,401012,11,96479,1878,1628
1941,1244,76.9,329536,10,169519,889,956
2687,1675,84.2,681865,10,181961,1468,1500
3000,2005,78.3,626081,11,249598,1833,1664
1673,966,80.4,311304,8,245659,678,803
1632,890,81.2,154174,5,244120,671,689
2958,1513,80.0,131701,10,135968,1424,1145
1717,838,83.6,147879,8,248472,741,639
2817,1949,77.0,499666,5,154709,1432,1394
1644,972,91.2,117197,11,224071,796,730
2939,1452,98.0,322587,6,112856,1120,1254
3000,1553,83.6,622304,10,163521,1238,1433
3000,2043,79.8,291931,7,244052,1546,1545
2838,1881,83.0,629582,6,240730,1380,1434
1676,1275,69.2,616736,9,194654,1087,1111
2056,1255,79.4,256996,5,214618,1109,1051
3000,1628,72.1,604752,7,105875,1485,1406
2781,1694,82.1,618399,6,201290,1180,1288
3000,2184,72.2,366167,12,183159,1959,1808
3000,1824,75.2,231503,10,91022,1325,1493
1776,1186,63.0,455315,7,94803,923,982
2347,1147,68.6,743406,8,93978,1056,983
1530,989,80.8,540524,5,201762,778,768
1905,1304,71.0,204504,9,99800,925,979
3000,2014,86.5,571585,8,156853,1406,1804
3000,2192,70.4,387586,12,137472,1736,1799
2010,1623,81.6,505901,7,171338,1426,1205
2274,1728,71.9,608526,6,198633,1640,1538
3000,1733,81.1,450762,5,194826,1536,1503
2508,1940,65.7,666068,10,165216,1771,1750
1609,933,74.4,599952,9,156259,816,831
1489,857,71.2,522853,6,144618,787,653
2432,1484,85.1,188571,9,225834,999,1206
2661,1471,81.7,681883,10,132899,1367,1314
1315,972,68.1,753852,11,120389,747,751
2757,1614,76.4,178615,5,205080,1495,1144
2977,1972,71.8,431534,7,137959,1327,1638
1607,879,85.6,266400,9,223225,760,751
2115,1685,88.2,623257,5,132381,1467,1590
3000,2036,66.5,599573,9,197840,1932,1630
1306,1002,84.6,181437,6,82894,882,687
2198,1563,71.4,711460,9,142474,1195,1290
2751,2052,76.0,210301,11,135065,1677,1693
2667,2050,78.3,654026,6,217919,1558,1643
1699,846,92.5,409026,6,244235,600,711
2908,2056,70.0,316356,5,155654,1490,1507
3000,2128,84.7,193932,8,219346,1525,1795
3000,1966,68.6,200682,10,197447,1602,1593
3000,2196,68.1,556561,9,244293,2024,1682
2618,2082,78.2,476310,7,216944,1923,1611
2200,1455,78.2,167902,12,88559,970,1102
2511,1270,55.3,161142,6,199824,856,831
2662,1770,87.3,132064,8,168712,1281,1319
2194,1835,60.9,615512,6,77876,1333,1278
3000,2153,76.8,592555,8,118980,1461,1869
3000,1535,88.6,122070,8,236307,1177,1306
3000,1583,95.7,483394,7,237061,1308,1321
2284,1767,75.1,140967,8,214799,1455,1359
2129,1157,66.5,730697,7,246811,941,1028
2378,1771,88.3,733125,5,216145,1331,1560
1966,1467,84.9,582728,6,76786,1264,1353
2416,1172,74.1,746856,7,125371,1052,1016
2517,1831,73.1,664246,10,80359,1380,1657
2703,1945,72.3,676548,11,91469,1314,1638
2390,2171,75.2,490190,6,113297,1604,1697
3000,1475,80.5,300363,11,163123,1020,1266
1753,889,73.5,236815,10,223318,702,736
2680,1497,74.5,315584,9,225844,1043,1154
3000,2139,83.1,532517,10,182835,1687,1691
2536,2001,66.1,204313,5,237431,1433,1488
2148,1339,75.0,266221,9,162511,1167,930
2276,1531,64.6,417004,9,230581,1008,1184
2007,1668,78.9,247796,8,154461,1362,1210
1373,840,62.5,503823,10,123514,589,652
3000,1539,85.1,744687,12,235372,1001,1308
1488,1301,67.5,618624,8,142889,1185,1093
2497,1758,63.8,559827,10,163096,1497,1458
2614,1968,75.1,499559,9,132551,1338,1597
2757,2024,91.7,431322,12,190997,1719,1660
3000,1728,83.7,214326,8,249130,1440,1466
2035,1260,62.6,724192,11,79465,998,1111
2469,1531,67.3,258946,6,232473,1188,1162
3000,1551,74.8,145742,12,75687,1421,1343
2189,1724,95.9,620011,10,138740,1247,1462
2794,1708,70.5,206443,10,104506,1314,1351
3000,2076,70.6,347765,8,207535,1554,1566
2089,1189,90.2,100365,10,83857,1048,929
3000,1682,79.6,178689,9,171860,1556,1279
2053,1055,86.4,204707,8,126612,955,887
2319,1508,72.2,119175,8,98392,1341,1175
2511,1249,77.2,552793,12,210068,1182,1002
1042,809,88.5,682646,7,113048,695,704
1840,1623,76.8,348787,11,114143,1421,1435
2116,1597,87.0,709695,11,123138,1509,1323
3000,2065,81.1,233610,7,177684,1347,1538
3000,2074,69.7,314281,12,190442,1743,1649
2978,1676,77.9,188531,9,78080,1461,1440
3000,1828,85.9,526803,6,117327,1692,1472
3000,1942,83.4,382306,10,150420,1777,1769
2997,1815,77.7,521564,12,133096,1638,1428
1355,1173,62.9,628406,5,229730,1095,931
2149,1888,63.6,472906,10,212849,1532,1323
1612,945,65.3,531894,5,184531,616,707
1618,1023,73.9,753380,12,134157,668,869
3000,2062,75.0,295326,11,197618,1677,1670
1246,976,66.2,338598,9,222637,762,816
1863,1652,86.2,596746,6,179095,1297,1294
3000,2105,67.9,520140,6,212281,1621,1711
1173,862,67.0,208544,6,206093,798,588
2355,2040,78.7,350826,7,175054,1546,1697
3000,1626,85.8,416843,9,129632,1475,1461
1949,1594,94.4,381961,5,205512,1468,1363
2632,1488,82.7,208358,6,111189,1190,1248
1274,904,90.6,745590,9,211410,709,779
2481,1922,68.3,628870,10,215796,1688,1599
1988,1310,95.3,426576,5,218875,1130,1068
2346,1184,63.1,569644,11,157760,886,981
1844,1204,74.0,726044,7,108684,820,960
3000,1622,82.5,178045,8,92452,1183,1311
1630,1317,65.2,260269,12,205088,908,1046
2486,1275,70.6,470745,12,230096,941,1125
2052,1508,69.3,655287,5,188897,1099,1242
2897,1570,75.5,106104,11,100228,1321,1305
3000,1846,89.4,788493,11,238607,1728,1566
3000,1796,78.1,407533,11,248093,1537,1605
2252,1476,74.3,338646,10,150841,1370,1161
1774,1513,55.0,290762,5,179094,1339,951
1000,882,81.7,205537,5,211015,766,652
3000,1968,84.3,649933,8,203868,1524,1718
3000,1908,64.4,767898,6,244363,1426,1577
3000,1901,77.5,377824,10,95105,1718,1356
1705,1256,79.5,765743,11,176627,1158,1092
1184,800,85.7,673134,8,196088,628,683
1000,850,72.2,426357,5,230767,555,616
3000,1484,71.0,565299,10,227969,1317,1287
2781,1516,74.3,393189,7,246150,1115,1209
2654,1248,88.3,482281,5,164614,815,919
2339,1680,86.4,121793,7,220383,1498,1357
2281,1287,77.8,581310,9,149774,1036,1091
1538,833,86.2,118034,7,148905,713,719
3000,2171,59.1,668301,5,119336,2007,1624
1817,894,84.3,673962,8,218192,726,762
3000,1895,69.0,250696,5,247518,1518,1543
1976,953,92.1,313037,5,119860,703,736
2007,1049,69.5,426543,9,84823,778,906
2070,1473,71.2,509597,11,217720,1309,1279
1744,1237,82.5,286895,6,183540,971,989
1980,917,83.3,506590,5,242947,641,753
1745,1570,74.4,294407,9,119142,1065,1166
3000,2129,81.0,119953,8,87430,1686,1561
2003,1067,82.0,81820,9,161177,842,856
3000,1877,81.1,152829,12,89957,1588,1225
2266,1035,74.8,650421,9,120813,819,852
1714,1188,82.0,772231,7,97046,823,968
2637,1789,89.3,387416,6,114223,1435,1359
1854,1562,68.2,449132,6,93575,1440,1225
1904,1200,71.3,185731,10,241934,837,845
1974,1423,78.2,476743,11,123748,1219,1254
2314,1566,69.6,184152,8,152682,1297,1266
3000,2126,63.6,520074,10,232257,1859,1848
3000,1718,86.7,751946,11,193531,1194,1468
2648,2030,60.2,220903,11,183157,1893,1563
3000,2052,74.8,630486,9,198474,1716,1787
3000,1652,84.1,96922,8,220044,1494,1286
1608,1377,80.1,350358,11,228592,997,1063
1050,874,74.9,159739,8,187462,762,667
1578,1234,69.2,333782,6,230751,1091,932
1583,902,80.8,204947,6,168695,694,658
1978,1563,70.1,348780,6,123526,1196,1014
3000,1537,80.1,380616,5,229013,1302,1169
2554,1605,79.1,296426,9,169758,1088,1093
3000,2129,79.2,552768,12,233574,1854,1690
1230,897,72.9,741573,8,82029,595,811
2584,1597,94.3,368429,9,144565,1129,1181
3000,2158,80.9,218487,11,240866,1833,1760
3000,1658,75.8,274920,8,118689,1127,1419
2381,1234,80.1,694881,8,239769,1162,962
2163,1246,71.8,491581,10,241933,1135,1135
3000,2131,74.9,407608,8,229375,1786,1688
2095,1048,97.1,187738,8,173642,939,933
1865,965,71.9,403804,7,188214,884,790
2070,1783,77.4,280514,12,227183,1298,1371
2390,2158,74.4,759077,7,210782,1953,1465
2426,1819,69.7,716530,10,185266,1289,1413
2454,1341,81.4,140410,5,246895,1038,1084
2419,1558,78.3,451991,6,194993,1274,1371
2976,1929,85.3,242042,11,245709,1667,1423
1824,880,84.5,375760,11,85043,580,736
1943,932,85.2,711331,12,99318,687,806
3000,1596,70.7,459810,8,154005,1329,1330
2456,1699,83.1,320635,9,142354,1287,1372
1743,937,83.3,229680,11,211979,827,746
1375,983,69.8,656234,7,103107,831,832
2820,2153,75.5,529653,6,245817,1551,1649
2064,1584,66.4,417007,5,130137,1099,1218
2632,1783,83.4,236589,6,150062,1495,1462
1365,868,83.3,320657,8,123080,682,666
2709,1345,89.4,771087,12,176389,942,1187
1050,852,76.2,454465,6,85260,637,649
1916,1004,81.6,368503,8,101194,744,845
1558,925,85.9,455424,10,205515,631,790
1193,842,72.0,640872,7,107638,685,666
1494,910,70.8,324878,7,116215,800,728
2231,1560,72.2,208668,8,213772,1283,978
3000,2006,75.2,501154,9,91328,1801,1719
2598,1647,71.0,558947,7,151558,1134,1409
1145,894,72.6,593157,12,79036,698,717
2698,2197,85.0,715031,9,135691,1830,1784
2891,1699,77.2,347245,8,197322,1449,1358
2425,1159,80.5,134256,10,90768,995,874
2512,1699,73.6,770011,8,230459,1476,1366
2059,1080,73.1,393209,10,234162,913,899
3000,2018,80.3,528745,11,93373,1369,1765
3000,2018,79.0,559740,7,248378,1733,1686
2937,1466,84.2,473490,12,127068,1272,1437
1537,892,88.4,227785,9,89718,846,777
2681,1471,72.5,623703,12,75887,1262,1305
1796,860,84.9,658701,8,146492,736,772
2206,1433,69.4,478142,11,185217,1153,1172
2735,1874,94.6,431764,7,133131,1706,1595
2033,1828,71.7,162035,12,221426,1735,1420
2819,1403,83.5,140445,11,200406,1240,1208
2934,1481,69.3,324487,10,136278,1235,1172
1619,1333,76.8,303809,8,203504,898,1016
2839,1637,90.4,766633,11,239585,1421,1550
2325,1444,71.5,644208,12,91292,1246,1186
1270,1032,95.6,555145,11,128568,911,830
2882,1323,78.0,452707,10,156082,909,1056
1530,1145,85.8,200505,6,162148,969,931
2194,1869,81.2,784489,12,169884,1381,1832
2360,1345,81.7,350029,10,127610,1181,1042
3000,1901,66.6,156986,6,191770,1373,1487
2153,1896,74.2,435535,7,187890,1621,1502
2907,1593,87.6,709279,8,176119,1176,1471
1766,1048,75.2,718850,11,94908,684,932
1027,846,79.1,87895,7,158469,711,686
2507,1944,65.6,718133,5,137340,1330,1592
1747,1013,73.7,275469,10,160932,859,765
1480,1038,87.0,108060,7,236327,963,767
3000,1879,67.7,690409,7,159093,1768,1566
2299,1149,83.7,701984,11,77447,828,1037
1977,906,79.4,509286,6,151796,809,733
2259,1630,76.1,493592,10,218613,1232,1494
1835,847,75.8,665447,6,211511,779,753
1788,1136,74.1,646143,8,164843,1007,825
2741,1849,74.8,720876,7,118710,1243,1530
1852,1603,85.4,477978,10,156391,1238,1232
2409,2080,74.5,776706,7,173648,1562,1922
1502,807,92.5,797226,8,249978,715,626
2284,1424,80.4,163912,9,187731,1101,1147
2801,2076,73.4,691672,8,196496,1776,1730
2695,1518,85.8,439872,6,161004,1261,1308
1519,1102,83.0,359048,6,137036,1039,891
2495,1438,64.8,521412,12,217267,1339,1332
1278,855,69.7,120295,7,161613,665,681
3000,1525,77.1,444652,6,249071,1322,1103
2654,1325,65.3,707041,10,154996,1191,1217
2069,1273,94.7,233692,8,86900,1171,1046
1229,827,84.6,387001,7,194451,554,725
1314,877,77.9,756426,8,83162,650,729
3000,2039,75.3,388566,8,118838,1521,1515
1701,1164,73.2,338025,7,136904,908,838
1948,1465,62.3,397186,11,204410,1027,1228
1581,1325,64.1,454006,9,161491,1058,1089
2417,1498,93.2,535034,12,80013,1272,1249
3000,2135,90.6,656499,11,182949,1706,1557
3000,1682,73.4,405514,6,147001,1429,1435
2458,1830,85.3,668586,5,236321,1226,1331
2774,1826,82.1,464279,12,162423,1667,1722
3000,1718,83.0,323706,11,199071,1601,1288
3000,1549,66.6,553725,5,113302,1294,1252
1770,1162,63.5,596760,5,208170,1063,936
3000,2097,87.5,481795,6,201167,1446,1751
2301,1605,62.2,120763,9,233214,1427,1223
3000,1538,76.8,202316,8,80919,1055,1228
2262,1838,75.1,285414,7,153313,1420,1376
3000,2015,74.3,283490,9,193852,1505,1562
2378,1284,80.5,564863,5,91654,1060,1020
1393,827,72.6,93211,12,146856,612,649
1719,1513,81.2,624091,10,239876,1273,1125
3000,1862,79.1,271047,6,151289,1416,1489
3000,2096,94.8,303216,11,247446,1904,1721
2624,2054,66.9,460095,12,84947,1726,1735
1613,885,78.2,235466,6,200620,632,682
2006,925,81.5,716819,11,176678,695,840
2768,1611,75.9,141466,7,162594,1457,1286
2520,1336,67.3,399955,10,244898,1023,1071
1109,944,88.1,691584,8,97689,765,812
3000,2035,80.7,523408,9,231800,1719,1543
1012,824,67.9,290477,10,195967,622,692
1536,866,81.5,382947,9,120324,639,686
2201,1032,91.6,588820,9,232792,818,887
1660,908,77.7,780748,8,150127,649,734
2332,1969,78.0,723060,8,217490,1448,1563
1356,910,90.5,326552,11,143046,608,825
1752,1027,70.2,798702,8,223913,761,878
1405,910,91.8,82523,7,186410,679,697
1680,833,85.8,99893,6,99683,782,642
2839,1422,70.6,673165,5,188691,1176,1181
3000,2192,72.7,223613,8,108485,1943,1763
2337,1547,73.8,123754,6,147086,1027,1181
1925,1394,63.3,250747,11,104802,951,1089
1489,1224,80.1,386792,8,78853,1095,916
2104,1412,71.0,606008,5,112080,1182,1116
2318,1491,80.4,529522,10,168865,1055,1253
3000,2105,67.7,251087,12,159273,1624,1645
3000,2143,85.4,442355,8,162762,1739,1704
1311,1114,83.9,746874,6,118345,1006,902
2572,1676,72.4,666806,11,194903,1120,1447
2860,2200,80.9,312697,11,198246,1824,1815
2688,2112,78.7,787230,12,137644,1827,1923
2937,1461,89.9,590207,7,229205,1378,1268
1233,1076,69.7,124964,11,187704,960,702
2221,1423,76.8,105316,10,199782,1043,1270
1690,1315,72.9,201254,11,123534,1135,1019
3000,2173,78.4,604056,11,75107,1910,1775
2812,1642,82.3,212292,10,226441,1427,1311
1556,1149,72.8,448270,12,218924,1030,911
2681,1622,75.1,147147,12,96559,1494,1213
3000,1960,85.7,743038,10,140468,1332,1759
3000,1558,88.9,327652,5,190734,1062,1254
2280,1698,81.9,733855,6,189119,1509,1413
2162,1042,76.9,760310,9,225561,756,774
2855,1342,76.1,84413,11,99547,896,1046
3000,1863,82.4,414177,12,150239,1435,1449
1849,1028,79.8,97752,9,92014,921,777
2415,1347,64.8,734259,9,143179,927,1146
2653,1719,82.6,453253,7,77644,1464,1346
3000,2046,71.1,133960,8,232198,1332,1502
1356,805,66.7,159399,11,167233,550,628
3000,2145,64.7,356126,8,223715,1620,1606
1991,1267,76.3,756969,8,85483,855,1007
1665,874,69.9,578895,7,114805,790,644
1612,803,59.4,704686,9,120391,730,684
1822,1445,75.1,343849,10,142671,1267,1106
1849,917,74.1,111114,8,215502,663,637
2846,1680,76.8,781509,12,142648,1356,1570
2644,1303,73.0,92365,10,110814,919,1042
2749,1746,92.6,762309,10,86373,1282,1434
2083,1373,82.1,345448,7,88911,1105,1048
2092,993,74.0,87265,12,208008,864,838
2265,1646,77.5,576193,7,152841,1117,1328
3000,1514,89.3,785989,6,202082,1119,1295
3000,1849,85.7,775251,11,194400,1716,1693
1619,972,66.8,195875,8,98688,757,737
3000,2123,70.2,210498,9,100005,1978,1762
1947,1125,71.7,487188,5,207185,1066,877
2829,1941,74.5,538859,12,201222,1568,1556
1869,1635,73.2,612381,7,141155,1204,1318
2131,1523,78.3,210356,10,88549,1351,1268
1134,1024,83.9,770485,6,77117,715,869
2897,1331,85.2,539892,5,125427,966,1120
1972,912,75.4,689874,7,76614,808,737
1441,939,64.9,468847,6,115263,733,692
2582,1358,69.7,378279,10,148413,965,1166
1184,800,73.8,783572,8,96248,676,718
1634,889,68.0,499127,11,93249,773,779
2886,1453,87.1,704149,11,231877,999,1342
2396,1119,68.6,766371,6,177457,820,969
1445,938,82.9,566255,7,238530,672,797
3000,1644,64.5,475236,11,135520,1256,1352
1473,1058,83.3,82528,11,193500,930,855
3000,1701,76.9,108814,8,110821,1470,1313
1680,1489,90.1,224613,10,183210,1264,1224
1427,809,68.9,213926,9,97678,527,668
1935,1060,73.5,263426,11,75364,734,784
1803,971,75.0,299553,6,238018,696,820
2091,1697,76.8,339247,5,172107,1242,1304
1731,812,75.2,382787,12,237215,563,734
2587,1991,75.4,151184,10,133421,1539,1658
1999,1120,75.3,110501,8,132363,753,808
2881,2142,61.4,565240,10,145115,1874,1717
1622,1128,85.9,466881,8,198557,1000,821
2695,1584,98.0,399784,10,174017,1302,1313
2457,1576,80.4,536797,12,236937,1067,1355
2182,1710,68.9,675929,9,79452,1568,1475
2470,1918,69.7,387939,6,198934,1802,1489
1742,1117,82.9,541606,5,132807,794,938
2001,1035,81.1,766572,11,106541,892,875
2365,1133,75.7,684530,9,164319,1023,969
1401,1175,84.0,386721,6,163386,954,895
3000,1960,61.5,544196,5,98977,1464,1566
1679,1387,84.0,207491,10,110332,1101,1187
1467,1312,79.9,483576,12,146429,1054,1071
3000,2119,70.0,786556,11,146542,1632,1653
3000,2143,66.5,453187,5,130573,1991,1684
2197,1717,79.0,747900,7,100995,1499,1496
2948,2172,89.3,373281,5,75765,1569,1636
1883,1672,76.2,799168,6,244791,1381,1489
3000,2052,71.2,497038,9,240112,1758,1596
2322,1069,79.5,110434,11,159639,740,813
1995,1597,92.6,502463,9,249134,1210,1188
2864,2114,81.5,277692,11,192890,1948,1720
3000,1524,82.3,103387,7,87050,1250,1334
3000,1988,87.8,671014,6,95601,1422,1713
1256,804,81.8,278525,12,235319,552,623
1907,1650,71.8,653515,12,185259,1329,1412
1003,877,64.0,287517,5,222557,714,687
2377,1373,70.6,219915,7,232197,1030,1141
1426,931,69.2,781234,10,153390,781,731
1584,1400,83.3,340385,8,83492,939,1215
3000,1865,84.4,512991,10,107949,1293,1584
1000,888,79.4,519187,6,86650,723,787
2361,1201,67.9,483541,7,108029,803,982
1574,1095,92.3,738581,9,146843,1001,983
2424,2118,74.7,565598,7,95684,1467,1598
2472,1415,82.8,370688,8,104178,1206,1223
2458,1599,78.4,700914,12,153019,1227,1287
2651,1221,79.7,210365,6,134530,940,982
3000,1846,82.5,471850,7,156840,1623,1472
1927,1374,72.4,764396,11,150105,1099,1161
1771,942,88.4,530286,10,187784,817,858
2506,1792,65.4,668217,5,239008,1436,1404
3000,1464,69.7,550564,10,93876,1212,1303
1428,944,88.3,684347,6,92371,829,779
3000,2048,82.7,760031,12,224241,1704,1796
2087,1806,98.0,276504,7,163619,1507,1641
2042,1302,78.5,202156,12,209121,1155,1047
3000,1620,91.6,428473,10,112699,1514,1367
1794,903,63.1,585341,7,220051,689,744
2508,1862,66.7,243578,10,236673,1533,1402
1345,997,85.2,82953,6,186210,674,708
2755,1378,64.1,326913,9,93529,1044,1237
2527,1190,76.4,777579,12,231677,921,1025
2412,2002,87.3,580377,12,213685,1803,1541
2158,1353,82.0,368954,10,206404,1088,1094
2704,1838,78.1,218655,5,81427,1598,1442
3000,2112,74.4,336385,10,214818,1385,1657
1522,1277,79.6,202284,6,99141,1008,969
2736,2054,82.6,156540,10,113918,1890,1589
3000,1722,72.7,732855,5,175999,1235,1470
1410,1219,81.0,798308,11,121372,804,1095
1570,956,86.6,198162,5,190736,746,739
2140,1349,76.2,119256,6,181412,1162,1200
2818,1920,78.5,317406,7,93926,1510,1613
2792,1820,81.9,412395,10,189803,1434,1491
3000,1796,82.4,227471,9,236692,1528,1315
2236,1750,85.0,297026,5,103194,1271,1375
1881,1088,69.9,224627,11,179486,953,903
3000,2077,73.8,637468,5,134826,1445,1771
1926,995,74.1,593056,10,155432,765,748
1773,1397,70.8,537165,7,125225,1183,1121
1664,1316,63.6,358797,12,136973,1182,1001
2321,1664,55.0,734509,10,80060,1477,1480
2906,1941,87.6,778063,12,246772,1682,1722
2487,1605,65.6,205020,11,184340,1216,1059
3000,1982,90.5,240569,11,162623,1361,1651
1876,1614,83.9,458454,6,142150,1154,1132
1169,1027,74.8,145700,9,169391,934,801
1554,1015,82.9,394243,10,141519,921,962
3000,1747,81.4,498890,5,137984,1634,1543
1069,814,69.2,455893,5,156191,548,643
3000,1980,77.9,318254,6,123297,1606,1488
2888,2084,70.2,470561,7,106509,1760,1783
3000,1980,83.2,770337,10,172406,1709,1777
1764,846,72.3,228333,8,222484,713,657
1603,1123,77.2,551479,7,101745,989,884
2223,1643,76.9,111246,5,80729,1245,1154
1442,929,79.0,127820,11,118192,654,746
1220,894,91.3,477316,10,246451,636,729
2623,1426,76.1,155556,11,220033,932,1144
3000,1554,87.7,96090,5,179277,1173,1287
3000,2115,81.8,203489,9,237619,1433,1614
3000,1593,89.3,486691,7,152924,1189,1389
3000,2106,75.3,586405,8,247074,1766,1854
1104,868,83.6,225785,9,126853,797,699
1549,810,77.5,561147,8,117054,731,706
3000,2077,55.0,211383,9,186658,1507,1593
3000,1671,69.3,521689,7,141177,1153,1357
1886,1349,82.7,376611,5,184614,955,1123
2328,1957,82.1,550736,8,128374,1842,1756
3000,1511,67.6,796438,12,183136,1231,1380
1045,822,79.8,755228,7,123256,579,681
3000,1614,82.0,83083,8,83920,1456,1248
2490,1145,77.7,717516,12,234624,880,996
2172,1101,83.8,127873,7,229561,1013,922
2121,1162,82.7,766194,9,244890,846,982
2074,1195,77.7,282914,7,200392,918,885
2088,1017,73.9,355065,9,194476,815,850
1333,940,86.3,145980,5,172826,863,723
2837,1757,81.7,160836,9,97040,1600,1512
3000,2033,66.9,603253,6,108116,1672,1402
2769,1784,79.8,759919,5,125657,1278,1517
2814,1792,68.8,519739,11,230777,1382,1431
2381,1627,70.3,595412,11,105270,1534,1411
2550,1482,72.8,628618,11,236503,1234,1230
3000,1803,78.4,269226,10,166488,1594,1393
1527,1155,81.0,112565,12,200225,907,957
3000,1807,74.7,81348,10,94293,1463,1511
3000,2147,75.1,332467,7,122081,1672,1669
3000,1956,74.0,253854,7,242741,1684,1509
2888,1687,86.4,124869,12,121576,1527,1465
1813,926,55.2,209260,6,126891,743,750
2156,1929,75.5,169639,7,109580,1532,1552
3000,1808,90.4,738712,5,97588,1360,1513
1605,1403,82.1,180992,5,115820,986,1015
3000,1813,88.1,467107,11,187407,1689,1679
1862,850,61.7,507036,9,154689,633,717
2636,1852,68.1,471312,8,171907,1649,1402
2821,2119,82.1,151321,7,96414,1832,1616
3000,2120,90.4,309535,6,215370,1881,1703
2175,1578,68.9,116915,11,212217,1469,1194
3000,1613,74.9,364882,12,78778,1350,1304
2631,2169,81.2,215791,10,142115,1994,1832
1510,1219,66.4,484375,12,87035,854,1012
3000,2005,82.2,578822,5,213619,1680,1868
3000,1782,56.6,463126,5,204022,1571,1491
3000,1624,81.9,392650,5,232848,1188,1322
2657,1824,70.0,358880,8,116371,1591,1560
2519,1366,74.4,686018,8,154852,1207,1179
2052,1170,83.2,237945,7,107285,1052,1072
3000,1735,81.6,608637,10,139966,1291,1449
2702,1460,77.9,625387,6,166393,1248,1252
3000,1768,85.8,381824,8,84333,1311,1395
3000,2132,64.4,294056,12,200102,1858,1628
2751,1960,79.6,418790,9,170076,1546,1551
1947,1001,71.7,147114,8,220068,830,840
1500,1112,85.3,113070,5,122562,862,857
1705,916,83.5,160354,12,233081,640,630
2355,1736,83.8,214744,6,249771,1221,1354
2457,1374,91.2,443007,7,235877,925,1079
2004,1043,87.0,691378,8,211131,871,882
1791,1336,76.7,249662,5,217165,1209,1098
1019,874,78.0,753317,11,175405,574,682
1474,1185,82.8,767534,9,108277,794,936
3000,2033,79.1,770411,9,193482,1600,1568
2592,1274,83.6,683045,11,199732,1110,1092
1399,1217,60.2,341954,7,247442,849,813
2186,1146,93.0,132332,7,169728,838,827
2123,1439,78.5,489549,8,122490,1036,1155
2827,1738,65.0,482251,7,194643,1338,1407
3000,1754,70.7,691983,12,246391,1258,1415
2454,1675,61.0,797114,10,106012,1266,1427
2518,1562,69.3,445873,10,132050,1357,1270
2232,2002,76.9,328547,5,169829,1668,1588
2385,2005,90.1,213849,5,104788,1352,1448
2025,1463,81.3,83456,12,78889,1231,1287
1000,824,79.9,446562,5,133972,654,603
3000,2003,68.9,479973,10,226440,1864,1555
2368,1509,71.4,673956,8,82607,1112,1291
3000,1984,72.0,443295,8,150063,1722,1598
1261,976,72.4,739857,7,208385,848,847
1545,1084,75.2,532220,8,241807,777,864
1578,862,75.8,685042,5,247458,794,666
3000,1802,75.3,186777,6,148845,1437,1249
1688,1461,72.6,695842,5,241317,1247,1309
3000,1465,79.1,566104,10,81198,1016,1225
1657,955,75.5,202568,11,205535,695,751
3000,1872,65.2,216630,6,187481,1546,1584
2914,1766,78.3,747080,7,118666,1317,1454
1939,1648,77.1,103195,9,163781,1318,1250
2286,1907,65.4,413025,11,97672,1454,1403
3000,2184,73.3,305702,8,227530,1839,1559
2195,1488,82.8,558856,8,137632,1185,1374
1997,947,68.9,684533,10,184558,617,896
1765,1141,68.1,339472,5,102786,964,936
1603,1275,75.4,387370,5,111079,990,1053
3000,1886,83.0,786981,6,248592,1419,1681
3000,2183,92.5,644420,8,206790,1481,1776
2282,1360,83.3,725987,11,243345,974,1203
2103,1126,86.7,395909,10,126774,807,914
3000,1964,80.8,248535,11,103799,1828,1320
3000,1789,72.5,376542,7,163037,1395,1520
1870,1014,83.2,595586,5,161567,672,874
2280,1234,77.3,158790,12,105616,853,907
3000,1751,81.0,274738,11,203313,1180,1390
2169,1522,70.4,113578,8,138311,1258,1226
2358,2141,81.7,391290,9,107614,1512,1722
1163,831,77.0,675761,10,133097,664,628
1968,1469,79.9,97758,6,173640,1118,1018
1982,1084,77.3,566233,5,202132,966,991
3000,2128,75.8,751397,5,159331,1588,1769
2152,1228,81.9,250588,7,166979,967,1041
1213,1085,74.8,579417,5,99316,940,962
3000,1967,65.3,782073,10,235071,1534,1609
2682,1842,63.0,772840,8,237527,1636,1553
1496,817,79.5,249149,8,194600,693,571
2685,1568,74.4,152238,8,78085,1212,1166
2052,1389,64.2,186763,12,168988,1113,1111
2738,2194,78.9,585466,9,185113,2063,1784
2405,1998,77.2,602546,9,249064,1695,1685
3000,1809,74.0,565450,12,249312,1667,1603
2095,993,80.0,321976,5,225082,699,823
2361,1301,88.5,202239,11,86170,1034,1085
2169,1787,88.3,498148,9,241823,1649,1491
2986,1936,79.2,428250,11,182216,1446,1537
1736,913,77.3,604761,11,215155,858,737
3000,2045,79.3,397779,9,146259,1389,1790
2148,1746,80.5,323821,12,130942,1608,1473
1793,1630,75.9,291305,7,156068,1277,1187
3000,2087,79.4,232259,9,100703,1403,1647
2573,1724,65.4,271337,6,137487,1575,1189
1178,854,78.7,148278,12,225083,620,650
1782,1599,81.8,329737,6,81641,1050,1287
2672,1577,74.1,106330,11,101404,1089,1250
1957,961,77.2,214218,6,96895,815,762
1908,886,69.1,617675,5,145538,836,689
1471,854,68.0,314338,8,249473,584,624
3000,2001,79.7,561131,7,105338,1578,1739
2592,2172,72.2,596157,5,100459,1530,1912
3000,1831,63.8,498453,8,235135,1599,1513
2477,1632,69.1,770262,7,229359,1119,1344
1966,1112,70.3,95437,11,80642,803,930
2380,1558,84.2,611830,7,206549,1105,1236
1694,1242,79.4,770326,7,189706,1013,1112
1357,1127,71.0,700836,6,209355,1028,881
2715,1877,73.3,200883,6,161538,1508,1376
1882,1560,88.5,315311,6,248491,1041,1205
2669,2062,85.5,204165,7,82673,1689,1594
3000,2052,69.1,512942,10,116015,1825,1757
2189,1378,87.3,592775,12,144396,950,1096
3000,1874,77.4,308293,7,153711,1259,1424
3000,1806,84.4,468445,12,236239,1276,1542
3000,2087,76.7,577463,12,173001,1824,1806
1558,895,87.5,383365,6,82894,741,653
3000,1911,68.7,694891,7,146376,1552,1499
2775,1901,76.0,635516,6,147886,1378,1392
3000,2111,87.7,126559,6,243961,1583,1556
2998,1943,58.9,527210,6,179859,1826,1479
2968,1613,77.6,249434,11,186239,1165,1344
2387,1290,74.9,481413,11,199819,1187,927
1810,1251,83.5,768960,10,209757,1031,1121
1202,964,86.6,712925,8,186134,662,791
1762,981,83.8,371252,12,116509,775,802
1574,1268,79.9,289890,7,227958,1185,1049
2967,1709,78.3,248772,5,203121,1325,1448
2857,1534,75.3,463411,6,204827,1394,1194
3000,1622,79.7,162259,10,249397,1179,1238
3000,1743,89.7,475478,5,215442,1431,1407
1660,806,71.4,80960,11,220101,728,604
1863,1129,74.8,313172,8,241496,1046,814
2996,1574,77.4,238353,7,101448,1253,1244
1692,950,86.0,779278,12,162102,800,813
2491,1908,79.8,603614,12,176599,1242,1614
1067,946,85.9,331750,11,132623,687,843
2422,1714,86.3,146848,10,221896,1257,1343
3000,2108,82.7,452096,6,208423,1429,1618
2666,1499,69.5,233682,6,201155,1100,1135
1793,881,91.3,466229,12,249501,658,768
1728,1313,89.3,681461,6,120392,1235,1092
1998,1614,78.5,523371,12,203705,1373,1289
3000,1508,66.9,536328,10,171496,1173,1125
1883,1545,65.5,469542,11,129773,1462,1278
2963,1822,80.0,747631,5,103103,1268,1451
2627,1506,72.4,750970,8,231780,1194,1385
2153,1270,64.3,449161,7,179205,1072,981
2320,1942,65.4,300147,12,219363,1295,1460
1389,1195,74.2,410903,8,170435,1034,912
1289,1060,79.6,214322,11,113496,721,840
2798,1604,89.2,538168,6,134071,1110,1273
2944,1733,81.9,440066,8,141769,1209,1364
2821,2079,74.9,154376,5,245264,1931,1624
3000,1704,81.0,222306,9,75986,1457,1274
3000,2049,80.3,425335,11,247492,1735,1738
2149,1876,83.9,719064,9,246581,1532,1660
2866,1739,77.7,487801,7,249326,1283,1474
3000,1653,86.3,570705,7,158403,1382,1414
3000,2187,84.6,324101,8,243667,1691,1550
3000,2103,78.7,491416,7,144230,1459,1573
2471,1392,77.0,402113,11,79602,1193,1052
3000,1513,85.4,554574,10,114261,1042,1270
3000,1981,72.3,116414,12,240427,1401,1540
2492,1431,65.9,435176,5,77409,1281,1038
1633,858,65.9,293115,6,170549,728,659
1392,927,71.6,314853,6,88230,778,750
2771,1535,83.3,771861,12,125119,1190,1281
2451,1520,74.6,211540,8,90416,1169,1121
2537,1938,79.6,304097,6,225418,1661,1623
3000,2032,74.0,447123,8,178437,1772,1535
2269,1325,74.1,701379,12,232869,1064,1161
1973,1320,69.8,380002,7,195462,1242,1116
2840,1351,77.3,615583,12,244930,1265,1086
1163,1036,76.6,696589,7,164229,802,793
3000,2104,81.3,303212,10,186774,1886,1662
2537,2182,80.3,362780,10,175854,1774,1749
3000,2024,76.4,336720,5,159746,1626,1513
3000,2101,66.0,679656,12,223043,1400,1959
3000,2058,86.6,111930,6,187792,1692,1640
2383,1293,77.3,302063,11,215230,1190,1001
1233,803,78.6,569174,10,212614,710,615
2830,1465,90.8,487119,12,108433,1298,1262
1985,1241,85.3,394128,5,188779,866,1025
1286,828,81.6,468763,9,109938,627,758
3000,1932,78.0,222261,10,177081,1391,1535
1939,1409,77.9,390116,5,193551,1049,1088
1977,1604,79.9,441226,8,249516,1321,1207
1523,874,81.3,728856,8,80345,664,766
3000,1637,91.7,267801,5,90967,1339,1403
2984,1969,97.8,704837,7,88480,1539,1531
1083,927,80.3,543854,9,144713,682,761
1239,841,60.8,94645,5,218778,571,567
3000,2179,70.4,601735,10,222710,1999,1640
1074,840,92.5,105597,7,203971,549,723
3000,1733,83.7,798114,5,231954,1127,1562
1831,833,81.4,708298,6,131500,748,687
2938,1840,76.7,294087,10,90427,1746,1456
2945,1976,68.5,265336,10,85177,1715,1509
2769,1797,91.4,354638,8,224123,1176,1370
1701,1387,71.4,336440,6,202826,996,1026
2364,1141,83.8,348083,6,197258,1074,974
1286,826,67.6,309159,12,134443,737,633
3000,2110,76.3,527216,12,141483,1730,1800
2638,1445,85.9,198270,10,242670,1042,1129
2427,1530,76.0,689107,9,86166,1001,1199
1753,967,75.1,664930,11,210403,635,885
1645,1409,78.1,423068,12,129186,1175,992
2129,1067,67.3,693966,7,81835,701,988
3000,1620,65.8,257944,8,204950,1536,1343
2274,1254,83.7,92647,6,132910,884,984
3000,1705,74.6,525830,8,201376,1472,1364
2180,1721,83.7,409695,10,198840,1199,1367
2893,1780,86.9,488358,7,168588,1445,1491
2645,1501,87.6,727524,5,211040,1012,1297
2493,1433,65.0,778346,6,176682,1261,1122
1432,929,72.4,536806,7,125161,767,755
2677,1819,82.3,630120,11,203470,1229,1569
2710,2186,82.4,140342,8,178099,1977,1646
2477,1618,96.0,195715,10,77227,1317,1498
1908,1492,70.7,607907,7,232788,1382,1193
3000,2115,87.3,390583,5,170488,1956,1506
2917,2194,81.0,401095,12,227010,2032,1684
1855,1593,64.9,302198,12,229479,1073,1292
1414,828,73.6,517297,7,152869,568,644
1664,948,80.1,213319,10,163840,897,711
3000,2119,64.4,531380,8,147757,1687,1834
1405,810,61.4,205135,6,153651,584,617
2183,1475,63.9,125955,11,231651,1299,1076
3000,1936,80.1,317858,11,212925,1412,1300
1671,986,74.1,246421,6,97142,856,796
1907,1606,73.0,720074,9,181804,1447,1332
2658,1543,73.3,119566,8,249284,1366,1286
3000,2050,66.6,207162,11,179221,1501,1472
3000,2133,74.3,475078,9,212528,1643,1683
1279,897,63.4,426368,9,209586,694,718
1074,854,87.5,113013,10,136306,681,721
1801,1422,91.5,85222,10,140074,996,1133
2306,1463,59.4,791409,10,201713,1150,1170
2733,1557,74.2,554361,5,162497,1251,1367
1432,1205,74.8,343092,8,174850,975,921
1852,868,76.6,418711,6,199759,778,713
3000,2135,86.0,271916,8,211076,1719,1779
3000,2112,74.3,328309,10,122515,1519,1842
3000,1550,77.3,547312,5,100689,1316,1304
2342,1971,98.0,715624,8,126064,1753,1932
3000,2067,77.1,212574,8,163819,1542,1595
3000,1757,92.1,685060,9,134875,1482,1556
2341,1164,82.0,167521,8,174463,808,892
2513,1281,73.6,234794,9,84357,964,1040
1405,1000,72.2,106766,9,164206,923,773
2035,953,77.9,181385,7,139397,880,801
1078,872,69.0,740458,10,168567,717,744
3000,1512,71.1,410796,11,148943,1301,1205
2374,1095,74.6,135919,5,124740,992,857
2383,1840,80.3,771003,9,233219,1725,1502
3000,2040,92.6,712874,8,107334,1626,1816
1000,860,74.1,623371,9,194239,704,679
2687,1738,81.7,752100,9,236813,1346,1370
1403,841,65.0,238493,9,169267,565,603
1433,824,86.5,682186,6,228371,640,653
3000,1862,64.2,576794,11,96849,1652,1479
1711,930,84.4,706227,11,161413,829,774
3000,2052,77.4,653776,6,154979,1883,1689
1806,907,77.0,329476,6,76421,604,709
2083,971,75.6,637567,6,152570,785,839
1013,901,67.6,268969,11,139580,615,711
3000,1665,68.0,316586,7,192215,1183,1278
1581,1323,84.7,157692,9,239208,1217,1109
2144,1074,78.1,753255,7,90013,858,874
2629,1867,75.5,289522,8,132308,1638,1554
2013,1616,81.5,454848,11,152711,1082,1335
2781,1756,78.8,361760,10,154657,1361,1389
3000,1840,71.7,771148,11,210592,1568,1680
1715,1129,97.7,321235,5,152594,779,947
1000,811,83.9,640553,7,79753,606,628
3000,2141,79.0,695900,6,199268,1433,1815
2124,1015,73.9,393637,12,229845,858,861
1732,1138,85.6,352284,6,164933,1071,969
1953,1460,71.7,618377,8,176694,1311,1233
3000,1904,71.0,737285,9,103514,1794,1664
1353,1173,91.5,623551,5,113613,1060,943
3000,1775,78.2,243531,7,116155,1609,1377
3000,1509,71.9,719582,9,150380,1242,1271
3000,2023,78.0,359059,9,237425,1629,1459
1883,1265,84.8,494885,10,166312,976,1135
3000,1912,83.0,678634,10,108617,1712,1530
3000,2091,85.8,215644,7,121565,1473,1670
2587,1288,68.0,644847,7,142203,859,1050
1518,846,85.6,509237,7,184070,790,695
3000,2111,76.6,723206,7,152006,1375,1833
2773,1577,78.7,203819,6,143678,1487,1169
2861,1839,87.7,382891,11,173828,1597,1568
3000,1510,83.6,679647,11,117321,1130,1358
2034,1200,80.8,93847,9,88808,1031,889
3000,1780,62.1,160785,11,79273,1594,1448
2563,1909,77.6,793207,12,118970,1381,1777
1876,1049,71.7,281884,9,91029,924,938
2057,1190,83.7,782391,6,133860,1061,1006
1478,1134,85.9,211423,12,210263,822,919
1664,1428,75.6,339988,11,200352,946,1150
1652,936,72.7,622066,9,181912,666,814
3000,1682,90.5,553600,7,224188,1195,1571
2492,1487,73.2,498408,5,124362,996,1228
2194,1626,68.4,461527,11,229884,1411,1348
2797,1526,71.3,687277,12,144867,1166,1224
1655,1393,73.6,249163,10,145156,1275,1222
3000,2046,71.1,398579,12,145937,1485,1604
2289,1789,84.8,191926,12,92167,1406,1186
1526,1171,60.4,509078,10,245711,986,794
2293,1734,70.9,260392,9,99239,1584,1368
2737,1794,77.6,320366,5,134655,1448,1286
1389,1201,79.7,419301,10,130878,915,969
2174,1414,91.5,99275,11,88069,1287,1025
3000,2096,90.4,146195,5,101646,1557,1656
3000,1982,65.2,573869,12,82850,1336,1686
3000,1975,62.7,388858,6,126171,1547,1540
3000,1794,78.2,702649,8,226665,1589,1457
1788,1419,72.6,580164,9,134402,935,1216
1635,987,68.5,85833,6,96646,815,717
2244,1921,78.1,524033,6,187996,1591,1516
1096,930,79.8,147482,5,249405,864,674
2777,1604,71.3,642272,9,115657,1180,1318
3000,1994,73.0,793886,6,123925,1463,1854
3000,1735,71.9,462463,7,245073,1357,1397
3000,1785,74.7,571601,6,106286,1351,1346
2117,982,82.3,250866,7,164462,855,742
2056,1782,69.4,395070,8,116939,1501,1360
1405,1163,72.9,696389,7,238162,1021,905
1000,838,74.8,200545,7,246766,751,675
1690,1296,77.9,271186,5,217572,1201,903
3000,2172,80.2,400712,6,130087,1693,1711
3000,1781,94.3,592819,8,145610,1684,1618
1978,1720,82.6,350636,6,117403,1229,1293
3000,1521,82.8,747967,11,230883,1315,1376
3000,1984,75.9,148009,11,235048,1607,1546
1162,815,70.2,346979,7,148302,729,633
1531,1292,73.8,590447,10,189893,1025,1089
2485,1931,72.3,242710,7,103972,1709,1294
2099,1693,81.1,552617,6,151114,1573,1472
1372,1110,64.8,198236,12,185512,965,744
2569,1538,82.7,120306,8,142446,1358,1288
2731,1993,77.1,167131,10,137580,1336,1590
2009,1345,83.9,749589,8,75175,957,1182
2655,1213,72.2,477261,5,215751,1143,1079
1945,1050,70.8,653369,7,230634,901,936
3000,1558,74.7,319511,7,244656,1275,1308
2468,1964,74.6,506714,11,200872,1493,1572
3000,2097,84.5,436366,5,171039,1391,1644
3000,1862,84.4,760931,11,122125,1416,1706
1910,1613,93.2,618254,6,249877,1290,1381
1000,828,74.0,605991,7,178207,591,682
3000,1757,55.0,113374,6,194202,1233,1280
2304,1276,74.7,475762,8,194421,1024,1018
1733,1117,79.8,416234,10,222919,922,836
1711,1044,83.7,748046,10,76693,754,940
2409,1547,80.4,265286,10,113543,1278,1223
1685,1496,74.0,274280,11,191468,1376,1149
1573,1071,91.7,376169,9,231651,848,785
2670,2062,69.7,255226,5,194934,1871,1561
1421,1176,75.8,173012,10,147361,1092,825
2292,1065,69.4,697339,7,138272,722,872
3000,1725,78.2,481959,5,204141,1171,1464
3000,1720,90.7,700181,8,204717,1364,1498
3000,2182,76.9,678417,8,181235,1803,1803
1745,1139,76.9,283070,11,126007,886,870
1616,1188,64.4,474371,8,236902,889,902
1660,1376,75.7,139917,8,171579,1159,1150
1040,802,87.2,738981,12,213336,522,728
3000,1965,76.0,371069,9,112504,1848,1529
2168,1175,75.5,363447,12,135207,846,961
1911,1123,86.8,297984,6,228051,1039,915
1533,945,75.5,411678,6,83769,645,773
2309,1092,88.3,261267,12,164655,788,911
1453,1231,67.7,349894,10,159298,887,849
2119,1504,83.4,655962,9,206465,1427,1267
2596,1748,91.2,680664,11,124331,1139,1512
2714,1384,86.1,299011,6,113337,1165,1264
2626,1198,63.1,417690,12,237073,1091,1140
2205,1616,72.9,709150,11,175049,1376,1412
3000,2167,76.1,117925,11,93321,1644,1602
3000,1763,86.1,720184,8,108781,1653,1580
2644,1963,67.3,237813,6,249795,1802,1311
1518,986,69.8,568548,5,109232,769,763
1334,860,65.2,499437,10,181833,707,623
3000,1738,71.4,478117,6,148522,1634,1442
1960,1509,68.0,698739,5,229980,1426,1124
3000,1606,90.8,153132,7,207155,1261,1262
3000,2142,72.8,329860,5,179466,1937,1645
3000,2125,83.5,467542,5,76879,1574,1705
3000,2167,78.1,664128,8,228964,1650,1752
1406,810,78.0,235839,8,152817,567,654
3000,1885,73.3,658109,10,238026,1344,1464
2034,1025,84.2,367740,8,161719,868,935
3000,1976,79.2,216018,5,196489,1587,1419
1589,1363,78.8,626470,9,87126,980,1127
2924,1571,73.3,145447,8,205402,1211,1269
2675,2133,74.6,450633,8,134149,1625,1770
2623,1684,82.7,125991,12,136488,1593,1403
3000,2066,79.8,336621,5,95765,1872,1454
3000,2189,79.0,512775,7,100700,1678,1672
3000,2153,72.0,480403,7,107508,1990,1728
3000,1930,93.6,371352,12,132436,1453,1670
1280,1025,74.2,388915,6,231095,872,863
2993,1624,77.8,243274,10,139446,1527,1263
1562,1017,76.5,408235,7,201763,780,766
2164,1736,93.6,766343,8,89481,1482,1451
1978,1552,75.7,692326,9,178442,1147,1467
2798,1305,74.9,184568,6,159331,953,1116
2187,1058,78.9,101442,10,246143,870,830
1789,853,72.5,752138,9,223086,805,789
3000,1870,78.9,459260,9,154595,1470,1479
2028,1526,97.0,467243,8,210650,1421,1345
2219,1488,80.4,642117,5,108782,1375,1123
3000,1922,80.1,306576,5,173409,1396,1541
3000,1843,72.3,426973,5,88058,1420,1549
1900,1218,91.7,777437,7,135916,1027,1038
2224,1489,93.5,563947,5,114526,1199,1287
2891,1649,84.8,190696,10,200809,1119,1280
1492,861,83.2,175923,12,160766,816,708
2514,1968,76.1,227071,8,206437,1724,1469
1643,1015,81.1,632032,12,165177,793,912
1370,802,71.3,292671,7,90135,670,577
1656,959,69.0,95400,10,203689,649,687
2103,1580,66.1,759806,5,220815,1262,1385
3000,1943,81.3,202194,10,233118,1806,1302
1908,1692,67.0,86882,12,175099,1555,1216
2849,1912,74.0,250735,9,206877,1436,1482
2209,1128,77.5,249221,8,206608,913,921
2372,1379,86.0,383844,8,102256,1185,1099
3000,2180,73.4,742681,12,103739,1639,1733
3000,2090,86.9,713013,10,87405,1399,1928
3000,1751,85.5,408964,6,130985,1404,1518
3000,2146,69.4,375848,12,157864,1782,1676
2737,1434,87.0,479607,8,249632,935,1077
3000,1787,75.7,255287,9,150424,1213,1442
3000,2018,74.0,117573,12,202092,1437,1588
2144,1720,75.8,756241,12,196344,1298,1408
2133,1537,78.0,214423,8,110784,1249,1042
3000,2155,74.7,222849,12,85239,1591,1670
1705,969,71.3,420171,6,170551,710,809
2198,1320,72.0,433962,8,197553,1202,1122
1189,839,79.1,93273,11,249694,582,649
2307,2084,76.7,186527,8,137757,1664,1520
2887,1754,82.2,352271,6,231864,1641,1468
2898,2049,78.4,572286,11,141838,1716,1593
3000,1783,78.6,244461,11,195647,1543,1311
2193,1947,82.7,384570,8,179694,1517,1539
3000,1774,89.4,481288,12,84271,1164,1651
1788,837,89.7,719787,10,88718,706,808
1456,1127,88.7,314771,7,78634,946,824
3000,2074,85.0,176162,11,139896,1417,1606
2400,1999,94.7,432276,10,205515,1577,1902
3000,1713,81.5,617640,8,105232,1584,1387
2137,1253,80.6,159099,5,181024,892,1068
1294,836,96.0,385772,5,125545,659,724
3000,2139,56.2,92805,7,214474,1686,1676
3000,1772,76.3,104163,11,214719,1583,1347
2099,1595,88.0,427726,8,210698,1431,1267
1993,1772,85.8,294702,9,166846,1555,1323
2851,1392,98.0,688477,11,124799,1057,1307
3000,1937,78.9,513551,8,216653,1301,1430
3000,1863,74.6,406832,5,107568,1406,1456
3000,2124,75.3,373713,6,125708,1814,1839
2037,1023,80.5,438017,7,107191,881,874
1757,1117,91.0,109116,6,192987,1049,927
2210,1148,91.1,722811,9,195091,902,918
1923,914,77.6,798778,8,189189,768,749
2589,1497,80.0,210671,12,147730,1215,1297
2787,2146,73.1,166676,9,92530,1492,1652
2600,1863,73.9,183376,6,234455,1469,1315
1106,839,86.4,555939,8,163853,682,721
2897,2112,90.8,556237,11,146220,1975,1738
2996,2085,72.4,690505,10,178044,1585,2009
1736,1015,79.9,621315,10,108738,958,892
3000,1970,76.1,403777,11,98196,1601,1512
1781,1135,84.9,521256,9,145967,820,998
3000,1991,74.9,575565,12,114764,1409,1827
1060,891,62.6,449170,10,117751,617,698
1378,1152,86.0,422469,12,231190,905,905
1766,1370,75.6,544470,12,167883,900,1135
2697,1615,76.4,481382,10,159607,1265,1283
2110,1580,81.5,543638,5,195659,1496,1256
1640,1162,80.8,521255,10,241521,989,881
2089,1356,81.6,597822,5,94635,1190,1174
3000,2168,65.0,542819,7,220869,1487,1595
2223,1993,82.5,454215,5,177203,1578,1636
2096,1155,62.7,570894,5,100579,850,906
1817,990,84.2,403627,6,127001,909,819
2416,1221,86.9,254003,12,159413,860,986
3000,1499,67.1,81021,12,195956,1181,1185
1000,806,80.6,483174,5,117456,666,659
1183,932,86.5,505272,5,168604,750,737
2813,1356,74.4,779875,6,194818,1219,1041
2607,1625,83.4,340264,5,153530,1169,1319
2685,1560,55.7,363776,10,226030,1191,1249
3000,1854,86.8,225296,11,227155,1646,1370
2464,1334,78.2,130785,5,157371,1078,961
2603,1225,75.9,636419,7,245262,944,1011
3000,1471,85.9,259770,5,88227,969,1011
2199,1162,91.8,518411,5,75588,1018,1017
1247,881,81.9,575197,7,141617,830,704
2388,1155,90.9,419290,11,180192,966,1004
2402,2081,65.6,710974,6,185110,1887,1560
1880,1388,83.3,399532,10,158378,1117,1270
2283,1094,76.9,285134,11,96855,787,816
2829,2047,71.7,725131,5,104837,1339,1622
2510,1869,62.6,700326,10,224126,1581,1645
2424,1936,82.9,198109,9,226884,1545,1400
3000,2056,85.0,98692,12,192932,1819,1635
1346,816,88.7,144790,10,191238,700,679
2135,1159,87.4,286314,6,179594,1097,847
2789,2046,71.8,780027,6,110512,1643,1626
3000,1665,88.3,482132,12,149944,1296,1441
2902,1499,89.2,348748,11,196782,1103,1295
1800,1247,75.9,719876,5,169019,989,978
2568,1655,78.2,406258,12,78252,1509,1513
1549,1164,70.5,306972,7,241872,771,924
3000,1474,89.8,757678,6,222843,1391,1346
3000,1807,65.9,691653,7,120595,1713,1551
3000,2149,82.3,687441,11,182880,1782,1667
1815,1266,73.2,448845,11,236567,949,1021
2378,1213,69.1,648396,9,91802,870,1019
2690,1385,63.0,209134,7,163030,1015,1046
3000,2056,76.3,492721,11,154843,1367,1713
3000,2047,67.9,788369,11,146786,1622,1519
2749,1793,78.5,289490,11,221228,1196,1452
1705,1371,92.2,651934,12,141613,1187,1163
2085,1134,79.6,433144,8,86141,864,811
3000,2045,94.0,108660,11,86522,1452,1683
1448,836,70.1,629374,11,82480,680,653
2374,1788,67.8,201370,7,146600,1685,1311
1782,1077,69.8,534661,6,200721,925,853
2914,2019,77.5,141678,7,110651,1610,1355
2693,1715,98.0,761745,7,188132,1514,1354
2322,1283,64.7,290041,8,195240,1118,1036
3000,2065,83.0,243055,8,119660,1895,1567
2910,2147,72.4,172978,12,180098,1527,1627
2365,1530,76.2,761122,5,194852,1389,1282
1384,991,67.9,592571,6,156657,734,705
2426,1840,85.0,613996,11,133925,1715,1520
2595,1323,77.6,439571,12,183352,972,1104
3000,1717,86.7,421804,5,246123,1593,1550
1809,1200,79.4,159215,11,149697,1127,890
3000,1685,62.5,483086,11,143554,1169,1435
3000,1504,86.8,257780,8,156247,1417,1226
1667,821,61.9,783545,11,88338,555,657
1656,1273,63.0,653538,11,171804,911,1000
3000,1943,70.7,377354,7,132522,1522,1612
1528,1009,70.8,188966,8,96249,957,812
1628,1105,89.2,645439,9,156595,880,914
2446,2093,76.6,167879,7,75592,1706,1618
2457,1503,88.0,216320,5,145312,1290,1105
1813,1486,73.5,232295,7,93504,1398,1118
1489,1084,80.5,480961,12,79251,959,875
2195,1515,81.8,646681,9,219283,1087,1346
3000,1562,83.6,306307,8,235344,1157,1308
3000,2050,74.3,140962,6,111343,1393,1479
2503,1747,75.0,414468,11,169377,1473,1365
2413,1180,75.6,618639,10,123643,831,1004
2572,1259,64.8,239598,6,161376,916,962
3000,1830,77.3,238346,6,151410,1677,1398
1044,828,74.9,762003,11,122084,619,687
3000,1706,82.6,766991,8,197569,1399,1593
3000,1856,78.7,793135,6,97136,1428,1533
3000,1678,88.7,661515,9,84288,1128,1478
1286,878,78.6,215493,11,209343,666,802
2882,1746,73.5,232627,8,191538,1349,1289
2277,1258,78.5,324962,12,162242,1156,1046
2275,1369,83.8,309055,6,156863,1023,1109
1894,1537,63.8,768700,11,162047,1174,1276
3000,2108,72.3,648133,10,151479,1865,1756
2607,1315,72.4,601286,5,143756,1154,1026
3000,1922,81.3,213894,8,162446,1710,1546
1496,1196,82.2,734858,8,167490,1120,897
1800,838,78.8,676067,7,196083,745,789
3000,2094,58.2,197822,12,199461,1617,1775
3000,1686,64.8,707243,11,141085,1511,1395
3000,1596,76.1,276018,6,147370,1281,1344
1905,956,74.0,138226,5,140397,701,721
3000,1898,78.0,552912,11,168894,1406,1590
2431,1683,74.2,550739,10,154337,1207,1327
3000,1953,90.3,148351,9,230679,1354,1633
2207,1773,59.6,309573,8,196863,1251,1287
3000,1907,80.4,794826,9,232265,1276,1720
3000,1845,84.6,568467,9,199099,1691,1550
3000,1648,83.6,605654,9,244924,1531,1403
2131,1547,84.3,233300,12,186254,1278,1128
3000,1788,85.4,136723,7,243621,1613,1406
1054,820,73.2,279369,11,102680,578,597
1277,1102,69.2,259207,9,84184,1014,846
3000,1668,61.7,248872,6,176347,1338,1432
1433,883,75.1,218783,6,247111,592,620
3000,2080,71.8,493824,5,148081,1440,1629
2083,1369,87.3,316235,5,112108,1017,1044
2227,1733,75.7,670648,10,166270,1149,1355
3000,1985,69.8,212442,9,188540,1474,1453
3000,1986,68.5,414531,9,130156,1327,1725
2365,1808,93.9,89834,7,200085,1303,1562
3000,1592,77.8,426811,11,245645,1162,1241
2645,1591,71.7,120204,9,231969,1509,1254
3000,2094,79.0,783961,9,126027,1509,1692
2075,1291,93.2,649226,12,132177,932,1089
2026,1007,74.9,432880,11,140020,862,735
3000,1883,83.5,142343,9,144047,1709,1681
2311,1229,87.5,506561,8,92556,942,1104
2169,1784,62.9,626310,8,208343,1628,1366
3000,2132,72.9,217316,12,138934,1603,1706
2424,1319,86.5,489110,12,228968,935,1102
2595,1390,72.4,666232,7,237215,1041,1228
2774,1850,81.3,633138,12,79275,1541,1548
2063,998,71.9,658154,7,247988,759,828
2251,1186,74.4,713113,12,199254,1010,989
1405,1148,73.5,755131,12,166069,828,1008
2724,1759,83.1,371975,6,143167,1513,1602
3000,1492,79.6,489514,7,165741,1125,1217
1356,1177,78.8,649275,10,131809,926,961
3000,1698,98.0,581941,6,183970,1388,1452
3000,1715,91.9,796775,12,91272,1468,1564
2380,1326,62.2,89848,11,183696,957,992
2762,1976,74.5,335696,9,123185,1780,1523
2106,1533,97.4,282340,12,78086,1328,1278
2147,1005,73.4,268867,7,171724,724,709
1791,1254,94.7,240221,10,176228,1182,986
3000,2096,74.6,590569,7,149650,1780,1499
3000,2059,76.1,141027,12,87650,1618,1561
1654,1320,84.9,613958,7,231335,920,1029
2019,1816,77.3,579267,6,182000,1471,1514
2981,1755,82.0,260579,11,95250,1228,1359
3000,1525,90.6,262040,11,164413,1188,1243
2730,1813,84.1,532780,6,162020,1401,1293
1941,1300,79.1,628763,12,85570,1126,1171
1354,916,91.4,711070,5,181200,648,728
1982,1185,85.0,693540,6,216457,1062,976
3000,2167,72.1,774716,6,206076,1621,1880
2860,1383,93.8,498597,8,110520,1083,1238
1977,1194,83.1,734232,12,225901,1053,978
3000,1887,76.3,662130,7,134945,1581,1620
1903,1520,61.8,724161,6,240639,1128,1132
1900,871,67.0,88371,7,87556,667,673
1475,1073,91.6,775450,7,160087,796,882
2530,2143,91.9,420942,8,179497,1775,1638
2080,1137,78.7,654692,12,118339,853,984
3000,2189,63.8,171587,7,209992,1899,1550
2189,1406,69.3,365078,10,184707,1158,1261
1510,965,65.0,275452,6,78169,669,705
1590,810,64.7,289994,7,181465,602,584
2794,2124,94.2,168744,5,161009,1522,1560
3000,1528,94.5,660150,5,109305,1172,1319
2902,1600,69.0,86654,8,249256,1288,1227
1406,901,77.9,305004,10,232003,723,736
2531,1578,67.7,205576,11,126189,1383,1302
1400,1013,77.9,504108,11,169687,716,750
3000,1911,91.1,263062,6,130388,1785,1619
1997,1200,86.6,266479,12,210712,903,931
2015,1387,84.5,431603,8,237808,1026,1158
2964,1688,76.4,549936,5,137795,1444,1522
3000,1869,88.1,167339,10,215977,1667,1422
2196,1391,83.2,206368,6,162221,1062,1028
3000,2133,81.2,257966,7,144401,1864,1560
2824,1909,77.1,781099,6,239224,1747,1571
1034,891,80.5,365950,9,164321,784,764
1950,1472,80.3,511273,6,156797,972,1104
2361,1513,73.7,253911,7,192676,1359,1137
2328,1735,71.8,433131,9,120716,1531,1466
1145,1041,70.0,133366,11,131839,886,819
1687,801,70.5,105014,10,238108,703,605
2077,1024,76.5,417488,8,193743,966,829
3000,1600,75.2,367035,10,219662,1247,1379
1783,1388,73.0,178554,6,122445,930,1153
1128,915,72.4,575073,11,170163,721,828
2016,1717,80.3,794891,8,244994,1140,1568
3000,1926,89.0,364866,6,130773,1422,1493
2107,993,77.9,529682,5,103083,820,908
3000,1989,77.4,773343,5,164405,1478,1590
2056,1670,70.5,678705,7,142869,1429,1220
1479,889,76.2,413758,11,102926,797,734
1367,921,87.5,610992,12,230496,715,860
1425,942,86.3,172257,11,248377,867,785
3000,1793,85.7,448715,12,174502,1208,1505
1711,905,85.5,280923,10,210568,816,756
2060,1686,81.5,196038,5,225332,1515,1327
1398,1227,81.2,386922,9,197672,916,988
3000,2128,80.0,174330,9,82727,1574,1626
1513,1116,74.7,583269,11,102586,828,883
1662,1434,78.7,408493,11,87423,1281,1163
1058,808,79.7,462424,6,76729,727,640
1798,1573,83.1,185391,11,128549,1178,1233
2903,1896,78.8,180636,8,143662,1569,1574
3000,2182,94.8,500059,9,117180,1509,1807
1508,1022,68.3,789207,6,86306,808,835
2148,1352,84.0,149300,12,167726,1284,1095
3000,2193,77.7,285727,8,122831,1530,2006
2515,1515,78.0,706011,11,214307,1415,1219
3000,2087,71.5,132036,11,76409,1873,1721
3000,2141,86.2,710638,5,222442,2016,1762
2118,1907,83.2,457486,6,242082,1342,1512
3000,2141,84.7,373952,8,200324,1529,1586
1462,910,79.4,302970,7,203388,596,807
2297,1050,75.4,293924,11,238373,911,868
1928,1182,77.5,300178,10,111587,997,988
1762,806,81.5,717058,10,249049,567,644
2428,1258,62.0,601133,11,210359,1116,1006
2619,1907,85.0,562201,7,202150,1411,1613
1704,1007,97.4,655099,9,138191,695,873
3000,1699,81.8,265123,10,170511,1320,1413
3000,2137,75.8,524991,8,189436,1447,1959
1000,821,76.7,411248,11,183560,598,682
2269,1209,83.7,643358,11,198372,921,1022
2507,1694,75.9,302664,11,89417,1534,1299
1455,1314,84.9,543089,7,137238,1167,1018
3000,1950,76.6,715193,9,150950,1527,1607
2184,1608,91.7,369548,6,120610,1395,1266
3000,1673,91.5,127968,11,105210,1373,1368
1196,813,75.4,451557,6,99312,612,669
3000,1770,77.4,329100,8,139117,1536,1454
1956,1777,77.8,564002,8,161352,1519,1449
2608,1813,77.9,764744,12,86021,1515,1582
2505,1835,70.4,429638,8,240630,1533,1683
1202,886,69.3,415657,10,208918,757,672
2007,1708,88.0,551301,8,202899,1307,1407
2774,2124,86.7,154518,12,105251,1934,1499
3000,2066,86.6,262524,11,180665,1443,1633
1308,921,77.4,741665,7,167702,843,730
3000,1970,93.1,562359,7,246932,1483,1588
2346,1549,77.8,89680,9,205843,1065,1098
3000,2179,84.9,227330,7,175758,1809,1559
3000,1484,66.9,571643,12,223892,1132,1258
1820,1108,76.2,630367,10,102141,991,973
2186,1494,76.8,684699,12,77663,1164,1215
1323,1087,77.5,290367,6,195791,925,727
2377,1106,67.4,750341,12,92205,821,963
1998,1713,83.6,478122,9,95201,1221,1434
2085,1461,86.2,581508,7,205319,1120,1263
1925,1348,72.0,509652,8,122344,1122,1016
3000,2175,68.8,168373,7,185010,1842,1569
1423,1111,71.8,773443,5,235546,915,849
3000,1672,82.0,168470,9,130383,1582,1266
2324,1882,73.2,263515,11,113000,1613,1397
3000,1723,76.9,665812,11,93649,1601,1430
1921,1554,69.4,525390,10,97831,1065,1231
1000,834,93.8,683467,7,85889,557,711
2613,1244,78.6,451330,7,90337,925,972
1168,892,87.2,351435,10,150601,616,718
3000,2030,81.9,743729,12,131151,1640,1669
1957,1152,77.7,106102,6,198648,928,779
2018,1702,77.3,696414,8,227292,1400,1455
3000,2155,72.2,246189,12,212335,1883,1626
2278,1661,74.4,691090,8,167862,1564,1234
1960,958,69.9,180222,6,92927,875,767
2258,1756,69.1,497758,6,199209,1204,1358
1678,823,94.7,719438,5,138495,619,737
1341,1203,80.2,420949,12,89989,874,1002
2667,1604,89.7,617528,10,222432,1128,1294
2559,1315,71.6,659364,9,134188,1070,1173
3000,1531,68.0,610276,8,113194,1249,1131
3000,2187,70.2,746237,6,227504,1571,1753
2664,1331,74.6,401721,6,232873,1149,1043
3000,1755,78.3,204650,10,134320,1527,1326
1255,951,76.8,114424,11,137090,624,792
2466,1746,71.8,257451,9,176435,1342,1383
1995,1407,78.7,183102,6,203352,1290,978
1846,1219,79.4,481723,11,86051,983,933
3000,2073,83.6,213161,5,178835,1564,1827
3000,1940,89.8,108032,9,241744,1409,1486
2124,1665,75.1,105913,11,120866,1204,1210
2562,1377,87.7,678730,5,234045,936,1253
1456,1134,78.5,505844,7,241279,1015,812
2495,1731,65.8,337821,8,122102,1170,1461
1809,1094,92.3,723844,6,206985,807,899
3000,1554,96.2,130542,11,116786,1031,1321
3000,2194,83.0,785832,9,204082,1940,1830
1783,985,78.7,523730,5,214548,652,728
2630,2069,75.8,212094,8,118261,1536,1608
2444,1436,74.3,568930,12,200277,1180,1277
2501,2091,87.7,629635,8,217118,1616,1501
3000,2060,77.9,389127,12,137751,1513,1563
2066,1329,91.4,700375,12,104348,974,1251
1000,820,78.3,188527,6,91094,729,638
2396,1710,74.7,280763,11,175692,1611,1394
3000,1666,73.2,147315,12,246167,1257,1396
3000,1593,72.1,231832,8,219016,1054,1290
1337,899,82.1,251885,6,151272,594,709
1780,1551,67.6,740696,11,168909,1361,1374
1656,1277,71.5,136239,12,123917,1042,958
3000,2121,88.6,387739,11,103537,1877,1752
3000,1739,70.4,463327,7,159364,1494,1468
1663,1325,84.9,727059,6,156113,1222,1059
2198,1133,61.5,798341,10,166338,1038,1046
1000,801,89.6,622439,12,241741,710,697
2559,1174,67.8,778970,5,180682,930,919
1660,1092,71.0,646713,10,181010,811,898
3000,1636,83.4,773506,11,97404,1312,1329
2664,1804,80.2,589235,11,249386,1444,1526
2421,1352,85.2,137430,8,210248,1126,1044
1465,1117,67.8,369383,8,228511,788,820
1488,1180,75.7,545550,8,147503,999,850
1733,813,73.1,332517,11,162872,640,632
2749,1303,69.1,276836,6,166365,1089,1009
2139,1030,82.8,495727,9,108967,744,850
3000,1907,85.5,752121,6,195661,1488,1490
1848,929,75.3,105187,5,233021,662,713
1925,1637,90.2,633846,6,103649,1494,1279
2890,1968,71.7,600364,8,90106,1567,1699
2442,1690,90.0,774046,7,204188,1213,1546
1488,827,82.5,750112,5,122810,548,693
1290,865,68.2,628807,10,184176,738,782
2509,1986,93.9,454694,7,196758,1419,1617
3000,2052,74.4,227073,5,131334,1943,1430
2116,1060,87.6,472570,5,217650,859,944
1914,1259,79.2,631053,11,171248,927,1168
1370,1100,81.0,724882,8,227075,932,978
2262,1718,85.2,648593,11,208576,1259,1396
2894,2126,84.8,220592,12,227001,1905,1575
1553,1086,75.3,511774,10,78528,806,870
3000,1833,82.3,319165,6,117614,1735,1685
2517,1429,81.7,86628,11,90751,1188,1046
1994,1069,79.7,224159,12,152365,966,913
2085,1391,76.4,161519,10,230743,935,1077
3000,1643,79.7,686758,8,156820,1240,1478
2200,1661,93.7,266125,8,223700,1447,1230
3000,2184,75.6,284983,12,132256,1849,1714
3000,2080,87.7,771154,11,134425,1473,1725
1210,932,73.0,352942,8,231723,705,690
2563,2099,70.9,86902,7,149518,1530,1629
3000,1771,98.0,284369,10,213209,1477,1377
1938,1312,82.3,165896,10,116413,988,1052
2060,1112,82.5,154022,5,241040,826,869
1551,1375,82.8,135791,9,175551,979,991
3000,1685,89.3,507147,6,207882,1302,1344
3000,2107,81.3,216330,12,90665,1493,1718
2258,1944,84.5,340095,8,161216,1825,1540
3000,1930,69.5,700653,10,232682,1344,1621
2028,1486,85.9,385523,10,228482,1373,1196
3000,2027,76.1,739298,5,83192,1578,1651
1146,964,83.4,438515,12,128147,736,791
1393,1104,64.3,367162,6,152581,794,920
1364,955,83.0,620280,9,105146,803,827
2625,2190,60.1,132686,9,202750,1874,1598
2983,1419,75.8,144424,8,107290,1121,1037
2295,2074,64.4,549421,9,135662,1383,1598
2866,1756,83.1,430597,9,191074,1625,1365
1400,1133,78.6,649099,11,159366,1070,904
2543,1768,71.8,739715,6,204250,1378,1294
2775,1310,89.5,359624,12,243211,1093,1112
2704,2116,70.8,509415,6,95396,1661,1890
3000,1843,55.0,440502,11,199174,1376,1475
1434,1081,82.1,786760,8,115310,728,960
3000,1596,63.9,678381,10,147533,1256,1414
3000,1824,71.1,736451,5,80751,1633,1482
1903,918,73.9,263125,8,98784,601,722
3000,1858,66.6,636219,7,130961,1532,1385
1683,997,74.1,271141,9,134848,911,799
1688,1284,66.8,230295,11,232427,918,993
2414,1882,79.3,759872,5,204817,1327,1481
3000,1636,68.2,93899,10,245132,1442,1353
2898,1984,78.2,775080,10,179838,1441,1623
2729,1808,87.3,187469,6,117300,1279,1672
2884,1490,84.3,669995,7,132340,1137,1307
2988,2029,77.3,278664,12,130971,1558,1626
3000,1835,70.1,332506,10,132137,1674,1638
2464,1289,79.3,236066,7,192769,1077,877
1889,1075,72.4,501570,9,167891,830,866
3000,1492,79.6,330629,6,142449,1209,1170
1202,1041,64.3,553323,5,101091,975,799
2819,2039,84.5,91266,6,78874,1395,1576
3000,2074,78.3,126350,9,113296,1477,1578
1248,925,95.7,151756,11,93807,868,810
1949,1016,88.4,381675,10,212453,952,875
3000,2129,82.5,666653,7,94687,1497,1830
3000,2008,77.0,719488,11,201740,1393,1760
2749,1862,72.2,256264,9,142490,1446,1331
3000,2046,85.5,493546,10,87841,1360,1725
3000,2007,76.2,633223,8,217228,1699,1688
2120,1294,87.3,287957,12,176435,871,994
1823,1226,81.2,374486,7,116258,818,1035
3000,2001,81.3,457261,9,231569,1592,1435
2965,1718,82.8,177110,5,82920,1610,1552
3000,2117,70.6,98707,5,110318,1647,1560
1893,950,69.8,190020,10,206608,719,710
1746,1183,69.5,531335,10,199141,1123,999
1746,1107,86.4,133005,5,125623,896,890
3000,2159,70.4,216581,12,85854,1646,1908
2317,1545,71.4,323255,8,225164,1183,1348
3000,1691,82.3,136066,6,129897,1198,1202
2507,1174,76.0,218023,5,109250,944,902
3000,1831,75.0,736114,12,165311,1431,1495
3000,2164,74.3,93895,12,234290,1582,1750
1843,928,59.4,550471,10,82621,648,826
3000,1814,70.3,356774,10,209016,1348,1331
2253,1468,87.5,564307,8,175183,1178,1227
2515,2175,73.7,503858,5,149454,1452,1638
3000,2181,62.8,240919,8,205214,1518,1740
2423,1316,69.9,689991,12,244019,1230,1153
1412,885,80.9,434197,5,115111,719,762
3000,1998,80.7,672226,6,100138,1337,1622
3000,2016,75.6,372329,9,234754,1730,1600
1996,1110,72.5,788974,5,192067,742,956
2534,1942,66.8,634752,9,151648,1693,1552
3000,2041,80.9,775484,5,175320,1786,1746
2085,1226,84.7,450315,6,205482,1036,1081
1209,913,88.3,421058,12,210281,794,856
2797,1968,69.1,623927,11,235981,1331,1580
2120,1102,88.9,713810,10,149697,957,1080
2516,1543,77.5,774185,9,126347,1066,1285
1855,1387,78.2,313677,12,186941,1043,1174
3000,1786,85.1,655067,8,147752,1666,1477
2158,1144,73.7,231665,5,179055,916,829
3000,1613,60.7,472814,10,148498,1517,1400
2512,1600,83.6,209491,5,101774,1083,1240
2960,1824,80.8,330126,8,157150,1447,1581
3000,1970,75.1,750578,12,195911,1317,1768
3000,2110,83.0,185185,6,214875,1770,1673
3000,1876,84.6,535329,7,161332,1264,1607
2930,2127,65.9,506927,5,103917,1494,1778
3000,1892,78.2,166932,11,147570,1377,1581
1434,1160,59.8,314705,8,212601,1015,853
2710,2043,77.0,485347,7,147250,1428,1681
1992,1809,75.0,214769,5,196893,1635,1490
1718,1503,81.9,656449,9,163762,1036,1255
2988,1374,69.4,779953,12,117214,908,1164
2711,1984,74.6,234627,10,214326,1525,1487
3000,1912,55.0,214577,10,89737,1805,1526
3000,1487,82.5,407553,8,166856,1016,1213
2695,1580,77.3,618391,9,111556,1075,1357
1756,1384,78.7,282752,6,86736,1211,1050
2638,1388,66.1,94314,7,163013,1032,1132
3000,1982,81.2,469679,8,162423,1715,1634
2453,1288,91.2,768752,11,198708,914,1245
3000,1770,76.5,361719,5,205331,1395,1522
3000,2147,83.2,382497,10,202364,1566,1736
3000,1925,71.0,777609,5,146673,1512,1724
1908,1293,77.4,580117,7,185546,1139,1038
1483,818,65.7,597804,9,175965,719,685
1406,1196,84.3,485145,9,148773,962,929
3000,1800,79.3,781719,8,179512,1671,1598
2588,2102,68.2,575984,8,240768,1533,1715
2410,1650,71.6,724424,9,108756,1191,1423
3000,2188,78.5,583553,8,233510,1825,1650
3000,2154,85.4,609283,9,84355,1802,1596
3000,2167,89.8,289096,7,128968,1439,1608
2627,1621,76.9,298505,8,125425,1349,1325
2558,1254,67.1,643749,9,184614,956,1094
2246,1524,79.9,293629,8,97964,1332,1292
3000,1888,92.3,485194,5,229411,1685,1520
2273,1899,65.0,259534,12,219996,1549,1486
2951,1510,70.4,668228,10,189112,982,1229
1914,942,82.9,159561,5,155222,792,804
2231,1716,79.2,677202,6,238267,1501,1353
2560,1627,73.6,513965,9,220381,1179,1425
1800,1404,79.8,214575,6,162380,1108,1058
2073,1104,85.8,470265,9,197828,1037,1015
2592,1535,77.2,283399,12,174213,1135,1258
1961,1090,76.5,312896,10,177890,781,890
1186,901,82.7,333100,8,132921,643,682
2786,2090,75.8,125590,9,155865,1709,1822
1909,1666,87.1,789892,12,88671,1558,1531
2570,1767,94.2,102705,5,137536,1471,1416
3000,1773,70.9,556998,8,196770,1314,1472
3000,1641,68.0,347284,10,241813,1381,1260
3000,1761,81.0,545127,5,243536,1475,1503
2749,1741,67.7,336499,8,172252,1443,1356
3000,1826,67.6,565100,9,181159,1274,1497
1672,884,61.6,605050,9,107501,743,766
2393,1127,74.9,577198,5,196679,878,946
2714,1615,77.7,162053,7,87365,1059,1253
1735,1253,73.9,552963,9,124820,1017,1112
1654,1428,89.1,281591,12,191964,1352,1097
3000,2044,88.5,100737,7,129304,1543,1417
2438,1977,93.4,378678,8,83723,1858,1530
2098,1464,78.4,392151,7,220577,994,1176
1367,811,87.5,416365,5,129308,705,688
3000,1956,80.5,587473,6,86043,1338,1537
1942,1103,79.7,302368,6,88088,807,1079
2715,2116,74.3,307002,5,119058,1738,1639
2692,1774,59.9,123598,11,106153,1469,1351
3000,2123,83.1,574511,12,210503,1874,1659
3000,1582,87.2,488835,6,131295,1320,1204
1600,842,65.8,331586,5,215822,697,580
3000,1743,77.9,587736,9,105423,1610,1580
2214,1142,85.9,466898,7,161254,897,1022
3000,2149,75.1,417856,6,195406,1542,1695
1701,1297,87.5,448154,9,189098,906,986
2132,1163,76.9,538171,6,180198,896,940
3000,1690,73.8,555202,8,236844,1460,1515
2161,1226,88.0,288050,5,114992,813,951
2956,1804,70.5,181335,5,161401,1242,1284
1379,820,72.2,192777,12,229699,559,633
1770,1206,70.8,540361,9,88631,996,962
2370,1418,68.9,708469,11,84780,1025,1252
2390,1814,79.2,374837,8,115828,1270,1242
2254,1135,73.9,202055,7,185779,940,900
2530,1940,81.9,624754,12,120479,1704,1575
2324,1947,64.1,679392,8,108292,1460,1518
1893,1198,69.0,714019,11,155290,987,1056
2904,1592,78.4,516919,8,182380,1082,1217
2394,1514,89.8,699725,10,118498,1409,1330
1194,850,81.0,91099,7,127621,638,667
1925,1123,73.3,157210,12,182373,1066,919
2353,1588,66.1,146655,7,240504,1498,1245
1999,940,72.8,593075,8,193080,831,813
2684,1269,77.7,130099,12,212008,832,1064
2621,1586,59.1,437382,6,139192,1289,1161
3000,2157,68.3,420349,10,122645,1458,1863
3000,1763,72.1,303707,6,154497,1619,1272
2061,1807,75.9,706692,8,216248,1603,1525
1901,1172,77.6,202712,6,154852,1104,867
1901,1293,73.1,333773,7,223177,1076,900
3000,1550,82.0,637403,12,248035,1250,1305
2203,1979,79.0,101904,7,87605,1594,1471
1862,1090,75.0,564524,6,82947,835,967
3000,1967,83.2,667806,12,101178,1555,1874
1478,905,82.5,751233,7,142265,761,767
1754,1469,66.4,710934,5,97932,1366,1075
1738,801,77.7,309957,7,227366,664,592
2318,1388,85.1,502182,8,79051,1259,1209
2562,1443,86.5,135651,9,130264,1311,1200
1209,889,81.0,265666,6,107322,716,664
3000,2168,76.1,147840,10,238019,1635,1548
1806,1149,81.4,306935,11,192159,967,989
2466,2086,84.5,710135,6,234605,1635,1607
2645,2174,78.9,329960,11,245158,1466,1687
3000,1931,79.8,484567,11,161992,1474,1649
2539,1862,76.0,392034,7,116006,1766,1285
2245,1708,67.3,410420,7,108903,1135,1409
1586,958,76.6,778092,12,114011,823,939
3000,1758,72.6,293231,12,199004,1586,1426
1298,1111,72.6,531674,9,82078,938,891
3000,2064,89.5,382445,9,83988,1694,1698
1532,1244,85.6,124025,10,181425,1073,983
1251,1097,64.5,432318,8,187360,854,809
2028,1751,69.3,665607,5,191421,1186,1300
1685,835,75.1,151102,8,140079,784,641
2345,1907,72.9,130106,12,216040,1487,1480
2294,1995,80.5,190615,10,168384,1695,1450
3000,2199,68.1,630368,6,93456,1780,1619
3000,2185,85.7,601277,7,214492,1456,1767
1886,1358,77.6,486813,8,241787,1271,1008
2643,1690,75.3,417123,11,85506,1500,1435
1075,940,77.9,719595,7,143486,653,615
2687,1686,74.7,632022,7,160315,1592,1294
3000,1941,61.8,664598,8,100632,1691,1716
3000,2100,78.1,665549,8,226849,1663,1727
2235,1525,75.4,542756,11,124726,1271,1277
2956,2043,70.4,409771,12,212026,1393,1636
2251,1849,86.8,702568,11,192424,1513,1526
1985,1320,83.4,746725,9,179658,887,1206
1000,809,97.5,97140,12,108625,658,625
3000,1783,84.7,117120,10,113623,1455,1339
2546,1177,72.9,770295,10,83286,1074,1059
3000,1481,70.8,279556,11,117125,1285,1052
2837,1383,74.0,708826,5,135453,1002,1143
1675,951,72.7,359932,12,220800,872,751
2842,1519,78.9,165752,11,139119,1249,1193
2646,1872,65.7,137919,9,207059,1557,1363
3000,1977,83.2,192686,5,151902,1385,1565
2655,1658,78.7,259923,8,212352,1504,1401
3000,2116,82.3,431733,10,245848,1966,1781
1642,849,68.8,585078,10,116972,749,695
2063,1463,80.0,790207,5,225910,1364,1274
1928,1330,88.4,397885,6,183819,985,1125
3000,1883,71.1,453093,9,218026,1710,1553
2312,1990,70.9,455707,9,189028,1585,1679
3000,2025,83.7,468393,9,149191,1416,1430
3000,1656,70.2,452773,10,114913,1409,1355
1674,945,76.1,86318,7,87256,808,739
2916,1714,89.8,81242,10,168716,1262,1238
2463,1792,71.0,150320,7,248307,1180,1368
1538,1041,90.4,153121,10,204157,739,878
2811,1380,75.3,587526,12,132285,1063,1166
2549,1486,69.0,227540,8,219761,1041,1201
2136,1282,82.8,724194,10,209572,908,1174
2336,1931,78.9,748597,12,124286,1482,1779
2290,2049,78.1,782643,12,77504,1923,1869
3000,1472,71.9,756139,8,95678,1294,1360
2166,1430,78.8,275760,12,228529,1067,1116
2575,1460,61.5,447039,7,221399,1366,1123
1735,1461,79.8,206328,9,126662,1233,951
2970,1604,88.4,660471,7,124909,1262,1293
2589,1218,63.9,719671,5,213751,963,1081
3000,1787,74.7,692928,9,239104,1382,1456
2456,1983,71.0,392024,10,211349,1428,1607
2521,1449,65.9,626245,10,180976,1110,1220
3000,1768,61.6,150257,10,117467,1429,1457
2149,1389,68.6,108976,10,167006,1123,919
3000,1900,76.1,622330,10,115865,1669,1627
2372,1308,87.2,386256,7,216402,991,1097
2591,1240,65.8,796795,11,142718,1073,1018
3000,2077,80.4,150023,8,220897,1710,1706
2140,1720,79.8,696052,11,141782,1614,1335
2260,1569,91.4,425588,7,219226,1201,1370
2833,2143,82.6,675548,6,133331,1972,1547
2230,1062,83.0,668332,12,152023,952,884
3000,2197,83.6,739514,11,182710,1848,1877
2648,1436,70.6,294452,7,87300,1215,1145
2848,1990,73.4,763856,12,240936,1344,1517
1638,1258,86.9,189200,9,175381,1176,1056
3000,1798,61.6,139018,10,163869,1226,1434
3000,2103,72.5,390763,7,221894,1722,1855
2021,1499,67.4,676393,11,226508,1123,1295
1958,1101,79.9,420863,8,166396,858,860
2336,2041,74.6,677086,11,237271,1700,1590
2808,1925,83.0,605375,10,86329,1776,1582
2186,1353,77.1,230788,11,94815,1065,1226
1373,1087,65.6,763195,5,179438,1029,882
3000,1990,66.0,123762,6,136962,1647,1486
1889,1420,78.0,726761,9,156239,991,1293
2244,1805,71.8,299199,8,132414,1276,1288
1105,835,73.7,440107,6,145827,722,680
3000,1543,85.5,384093,7,218963,1026,1310
1806,1152,84.1,203721,6,178858,915,955
1502,872,92.4,337866,10,249535,606,763
1625,1447,75.5,218913,10,212704,1129,1112
2476,2176,72.9,226798,5,122892,1904,1478
3000,1893,81.3,214681,12,121260,1491,1469
2446,1224,73.5,432093,6,133782,856,1042
3000,1798,73.8,654511,11,222570,1305,1689
1801,1507,76.4,489658,6,79775,1146,1102
2301,1360,91.2,723109,10,115282,912,1107
3000,1627,83.6,538312,12,233361,1343,1267
2679,1755,84.5,576325,7,186982,1461,1392
2648,1316,90.9,560677,7,114698,880,1188
1530,1227,85.2,403611,9,113350,946,1074
2042,959,68.9,576324,11,225958,742,707
1826,948,85.1,130190,11,231408,711,708
3000,1575,86.1,699093,7,119823,1287,1249
3000,2053,83.2,640025,6,148589,1548,1617
1299,866,76.4,256566,5,221054,671,657
3000,1813,82.4,632983,7,209926,1612,1487
1656,1180,77.8,89103,11,217435,824,942
1256,857,70.2,236418,11,165720,716,588
3000,2082,72.2,126899,10,234521,1669,1541
2216,1141,83.6,641763,10,132042,846,1065
3000,1953,70.8,624229,9,102418,1696,1749
2022,1526,71.5,665818,12,199028,1244,1404
3000,1995,84.0,83227,9,169387,1582,1588
3000,1569,79.1,440888,6,224553,1334,1228
1653,1413,82.6,587482,7,89203,1259,1167
3000,2032,68.2,191889,7,222646,1914,1795
1627,1153,82.4,547849,9,126327,967,925
1313,915,72.7,140559,7,189600,835,776
3000,2087,69.9,210555,6,82023,1357,1324
2640,1461,74.0,422574,5,181677,1182,1208
2366,1252,88.9,550567,12,200523,894,1128
2361,1086,75.1,185026,10,139531,737,886
3000,2126,95.6,213361,6,112697,1721,1736
3000,1816,61.5,227201,7,169085,1587,1423
1752,1110,65.6,251865,6,220808,859,875
2071,1007,88.6,243119,10,131621,857,814
1840,1417,90.6,364507,8,119182,1129,1129
2667,1245,71.1,550729,11,123814,973,963
1969,1469,78.6,395383,10,241098,1083,1238
2089,1432,83.7,638701,11,137873,1095,1314
1650,854,76.2,597873,10,75631,645,799
2623,1711,79.2,171099,8,211794,1444,1260
3000,1835,78.1,115166,7,197373,1257,1251
2314,1456,66.1,712118,7,97499,987,1226
3000,1779,75.2,137478,12,247358,1509,1301
1775,1314,78.1,186804,5,181411,1069,1034
1206,1036,78.8,95936,10,162636,807,676
3000,2102,64.2,532402,6,141888,1462,1770
1860,1147,84.0,499307,5,232268,887,945
1832,1426,79.0,790571,7,117694,1265,1063
2872,1927,69.6,718591,7,125010,1767,1620
2201,1429,92.4,375807,12,96422,1230,1206
2409,2071,75.2,347542,12,207846,1383,1705
2026,1163,75.7,293733,12,179221,990,990
2322,1120,83.1,189733,9,181587,809,767
1375,1085,93.1,179420,5,113232,808,818
1666,948,83.4,175244,7,188954,672,743
3000,1907,84.6,162163,8,208955,1683,1470
1881,1205,70.0,253169,11,137630,1018,927
3000,1777,78.7,300801,9,215236,1481,1519
1948,1255,73.7,772337,6,136038,1067,941
2647,1599,83.6,496501,11,207674,1153,1322
2198,1984,84.4,791069,9,80903,1554,1669
3000,1812,91.1,348176,12,171454,1522,1509
2893,1583,60.7,409491,10,244667,1331,1186
1438,1259,73.0,313697,10,246718,1117,1117
2313,1537,88.4,211679,6,124307,1131,1284
2847,1308,66.8,183079,8,152245,1152,1160
2000,1280,84.4,760457,6,86021,1001,1131
1508,913,87.1,790504,5,227835,777,818
3000,1548,77.8,112335,11,174500,1218,1229
2191,1160,66.6,188249,6,142393,1084,978
1984,1140,77.0,384937,6,94735,802,944
3000,1569,89.7,214160,9,240684,1338,1265
3000,1560,90.3,341994,8,167788,1284,1437
2833,1768,79.7,172949,6,124512,1241,1250
2025,1248,70.2,408688,5,136288,836,933
2491,1634,91.9,275620,9,122372,1454,1558
3000,2003,84.6,333372,8,180317,1397,1678
3000,2019,70.7,147905,8,237744,1425,1268
1323,1110,80.7,388252,7,224921,1047,934
2174,1061,80.4,787945,10,155567,918,880
1962,1205,72.9,316760,11,219637,874,932
1107,942,80.8,711029,5,149043,779,895
1945,1141,86.8,687103,10,119154,924,1084
3000,2139,75.6,765482,9,247098,1932,2023
3000,1924,87.7,648879,9,128180,1672,1586
1381,1043,64.0,554910,5,131652,938,801
2590,1289,95.7,696741,8,248196,920,1154
1390,811,78.5,134464,12,98437,683,680
2392,2062,86.6,413238,6,208093,1365,1608
2950,1360,79.7,792264,5,238767,912,1297
1399,841,71.4,634112,9,164564,727,720
2097,1477,77.7,772694,10,75441,971,1372
2252,1393,62.7,641337,11,140635,1148,1097
3000,1981,83.5,709915,5,94525,1787,1618
2927,2039,79.6,588701,8,147833,1558,1710
1224,933,76.5,627561,11,213255,619,758
2347,1890,84.0,456688,11,151775,1633,1653
2613,1830,78.3,745451,11,150587,1700,1665
3000,1747,82.9,674028,7,172438,1511,1460
1412,872,85.7,687597,11,176796,718,785
1618,1198,73.6,564567,7,224852,861,1090
1766,1377,71.3,299298,6,128962,901,1124
2431,1658,64.2,105653,6,218792,1423,1274
1982,929,79.0,753672,11,174038,668,876
2556,1730,81.6,502007,8,127593,1570,1564
3000,2029,67.4,294663,10,126647,1603,1739
1740,1065,89.4,187377,6,138199,862,837
2065,1592,71.4,677257,7,183971,1395,1371
2188,1052,61.2,682295,8,115392,930,858
2604,1621,90.0,666446,11,236058,1366,1406
3000,2112,62.2,544460,8,175610,1967,1728
2101,963,85.7,343531,8,236003,910,725
1033,894,83.8,298931,5,83121,835,709
1969,1632,80.6,86159,10,134957,1464,1193
3000,1933,73.8,680197,11,78991,1666,1520
1600,1135,82.0,142952,10,122644,964,933
2112,1621,86.4,534144,6,225851,1104,1303
1186,1037,70.1,442934,12,81407,759,842
1326,1180,85.8,459216,10,151326,769,950
3000,1698,85.4,747233,9,95574,1174,1426
1600,1282,80.3,102763,7,147947,1002,977
2746,1701,73.7,636842,6,221799,1180,1282
3000,1848,85.5,117478,11,184037,1701,1461
3000,1940,82.1,107471,10,203932,1730,1710
1447,1281,69.9,389469,7,136093,860,912
3000,1716,75.1,125414,11,240270,1244,1470
1993,1793,84.6,648184,11,199121,1606,1698
3000,1763,78.9,461285,6,148815,1571,1360
2782,1336,86.7,100908,9,149631,1247,1091
2998,1902,75.3,109160,7,235770,1806,1324
3000,1996,70.0,521121,12,175871,1882,1498
2981,1835,95.5,660401,12,198616,1419,1635
1417,927,64.6,395216,12,147981,672,760
1850,891,74.0,479298,9,114146,782,713
2796,1342,80.2,655877,7,201623,993,1067
2417,1645,85.9,519564,5,181369,1467,1278
3000,1788,83.2,241827,11,162735,1449,1527
2641,1246,96.5,521397,5,184204,1107,1116
2566,1189,77.1,532361,7,111450,871,1027
2442,1471,71.0,608557,12,213939,1180,1208
1346,842,76.2,527029,7,240928,690,641
1481,1053,75.4,777854,9,230943,982,961
3000,1953,77.5,222048,11,131251,1426,1710
2367,1883,70.1,764785,10,146051,1753,1526
2541,1462,84.3,467604,11,216470,1303,1219
1786,1266,81.0,563808,8,179145,1100,951
1528,1086,67.9,151612,7,170885,962,843
2797,1810,85.7,354015,6,237162,1505,1639
3000,1577,71.5,633953,6,168804,1141,1380
1328,1144,68.5,588976,6,165114,809,1033
2502,1441,78.7,108900,5,82353,1311,1072
1406,1181,63.9,473548,10,87148,1025,854
1891,1489,82.7,143560,9,76299,1063,1264
3000,2076,55.3,797017,10,234818,1732,1730
3000,1879,69.8,726054,5,146468,1474,1461
1739,1256,90.6,95178,10,156998,876,1107
2581,1782,72.5,698228,10,222943,1443,1440
1055,882,73.9,741989,11,181618,648,693
2755,1922,88.2,334555,6,181663,1305,1594
2051,948,71.7,598041,7,126894,749,727
3000,2152,84.1,398315,6,220934,1780,1831
2906,1979,87.4,551767,10,104020,1314,1555
1709,989,81.8,325029,7,84301,762,807
3000,1682,66.4,312243,11,108531,1223,1367
1175,1062,73.2,385592,9,121854,700,847
3000,1903,98.0,184809,8,124404,1309,1416
2570,1199,74.1,678420,7,192340,829,1002
1876,1563,98.0,331062,5,113119,1102,1360
1799,1408,91.7,368108,6,193415,1255,1117
3000,2083,82.2,723719,11,90948,1629,1672
2679,1584,80.4,437569,11,100760,1099,1280
1004,900,74.3,471863,6,164044,612,649
3000,2182,77.3,768679,10,236332,1613,1621
2582,1619,72.5,718443,10,225424,1440,1355
3000,2044,77.5,202016,10,244532,1552,1614
3000,1619,67.1,420715,12,188834,1130,1381
2676,1219,66.7,779333,11,193268,940,1081
1307,923,88.4,348104,10,184379,754,783
2066,1221,65.1,347533,6,183993,804,944
3000,2054,85.1,220422,12,100746,1722,1875
2916,1886,62.8,162313,7,170154,1449,1331
2015,1567,83.0,613019,9,142562,1023,1281
2789,1282,76.3,634422,7,152444,1092,1187
2687,1318,88.6,777689,5,166630,1138,1122
1572,954,75.3,636861,12,97469,800,806
1571,891,61.9,255214,6,137910,671,696
2404,1781,76.5,108884,12,86104,1441,1485
2129,1254,79.3,789515,7,246442,961,1083
2605,1397,76.9,325125,6,95742,1202,1051
2182,1309,82.6,304620,11,120242,1080,1042
3000,2006,73.5,732288,5,230976,1353,1709
2100,1185,67.9,501272,11,159474,999,957
1816,1204,70.0,234707,8,98737,1031,900
2037,1045,73.9,720149,8,142240,795,842
1984,1541,73.8,795220,8,95277,1407,1384
2224,1460,97.2,142409,6,110038,1318,1147
2147,1449,88.0,700821,7,84105,1018,1224
2677,1700,83.5,361171,6,151690,1566,1419
1693,864,81.6,457332,11,216161,676,670
2997,1836,80.4,738668,9,177545,1592,1578
1997,1012,80.4,780833,11,181110,905,970
1805,1041,79.3,268758,7,110102,834,822
1907,1292,78.3,233253,11,135181,994,1040
3000,2036,61.3,137972,11,222917,1883,1561
1549,1137,75.0,484494,5,90375,818,960
1309,972,76.1,89795,10,225138,707,753
2434,1471,72.0,376567,8,159646,1116,1353
1336,963,73.6,132836,7,221501,874,738
1403,1264,80.4,371763,12,130651,1178,991
3000,1794,84.1,108751,12,134298,1285,1568
2154,1296,80.4,681356,12,206531,1178,1106
2384,1499,83.9,231012,12,212374,1090,1170
2583,1194,84.1,316382,7,115188,1124,902
2596,1502,75.6,706435,8,245252,1245,1306
2269,1107,82.2,617312,11,89786,722,934
1231,982,64.0,237708,5,86988,648,689
2465,1428,74.9,131768,6,179213,991,1051
2690,1309,74.0,595285,6,201480,925,1063
2342,1345,90.3,361306,11,243155,1184,1182
2689,1423,80.7,631578,11,145866,1020,1261
2102,1393,67.3,400612,10,79426,1310,1098
1854,1543,82.8,329122,12,180507,1297,1289
3000,2050,85.3,404868,7,125697,1758,1647
2075,1353,77.3,618962,8,150766,968,1137
1684,820,83.5,729599,11,160482,753,696
1851,1353,58.0,115832,11,86290,1151,964
2587,1196,56.4,457360,9,160047,1088,965
3000,1424,68.6,103642,5,149606,1334,1088
1241,904,79.2,417255,6,199695,622,763
1470,991,90.3,717404,5,187992,673,865
1701,816,69.0,340345,5,107413,727,622
3000,1943,71.2,751364,10,111074,1768,1520
1893,1192,78.7,534038,12,118926,984,1054
1779,1224,74.1,752592,5,106316,930,1032
1558,928,73.6,625160,8,190012,785,816
3000,1953,74.6,154473,10,249025,1449,1562
1921,1371,88.5,246429,11,189119,989,1232
1582,828,86.9,363803,8,181169,659,675
2221,1920,78.2,202477,10,146737,1373,1492
2116,1833,91.2,436336,8,129702,1457,1566
1587,1041,82.1,419385,10,234438,975,899
1535,1031,87.2,768507,10,244575,930,914
2298,1588,71.1,392284,7,161936,1481,1121
3000,2107,72.8,645651,8,125785,1879,1548
2200,1514,72.7,758176,7,209771,1145,1233
2043,1558,77.3,711432,11,98180,1392,1321
2306,1601,78.5,230241,12,208978,1484,1126
3000,1575,80.6,437142,12,218316,1471,1324
2367,1525,93.8,330373,10,96858,1304,1312
1588,999,83.8,367898,12,245951,713,824
3000,1744,73.9,339781,6,247465,1154,1401
1916,878,78.0,674979,10,238926,609,784
2397,1755,90.0,405540,6,161806,1649,1278
3000,1655,84.3,457060,6,118063,1305,1414
3000,1996,89.9,787362,6,176852,1809,1645
2238,1266,74.1,123185,6,148488,1000,951
1652,1380,72.3,431330,12,111041,1171,1064
3000,1739,72.4,637324,8,149143,1143,1540
1461,1248,74.8,188837,9,191181,905,881
1556,886,69.5,520303,8,87410,692,782
1722,900,80.4,252415,11,133348,755,841
2439,1831,80.5,704531,9,78114,1284,1401
3000,1644,88.7,315512,8,206162,1446,1299
2293,2023,63.9,316925,11,187121,1536,1622
1797,886,70.4,510700,12,85968,793,700
1353,842,84.4,212165,6,243829,572,649
1617,1207,79.5,285120,5,78959,1031,943
1825,1463,78.4,379975,10,178243,1080,1119
3000,1840,88.1,334619,9,210864,1635,1514
1117,947,69.9,457912,5,212882,730,778
1419,1076,72.2,511741,6,81000,914,850
1529,1031,71.2,488001,9,233623,959,779
2076,1165,61.9,551001,5,235729,764,994
3000,2051,79.1,301580,8,173243,1340,1765
1529,1235,73.8,171027,11,159365,1088,975
1700,1198,72.1,627781,6,82852,1011,913
2772,2034,70.7,692562,8,173342,1501,1586
1733,1298,77.9,265044,8,146641,1036,859
2078,1339,71.6,373106,6,210241,887,1009
2553,1362,79.8,438970,9,145680,964,1200
1662,1241,81.7,463995,10,194627,965,974
3000,2084,75.6,554833,7,92746,1876,1593
2405,1572,75.1,109954,7,98267,1248,1274
2498,1149,79.5,599463,10,99449,949,1050
3000,2175,77.8,124619,12,82967,1984,1639
2612,1319,88.6,417168,6,169733,980,1128
2927,2143,80.5,675923,7,213944,1843,1690
1101,937,86.8,404875,10,181822,851,746
2594,1791,82.9,187345,5,175617,1273,1215
1626,1167,67.5,789224,10,194109,883,1002
3000,2043,73.5,720286,12,134438,1928,1729
3000,2160,77.6,635346,9,138342,2041,1724
3000,2046,84.9,376288,11,129997,1467,1671
2352,1159,93.4,212369,10,199619,776,948
2573,1720,74.1,757816,8,103287,1258,1376
2094,1128,78.4,463293,8,77279,868,952
2543,1761,84.4,693696,11,179334,1378,1488
1473,1262,77.5,326308,6,239917,1055,967
3000,1745,91.2,321408,8,181646,1605,1304
1957,1762,67.2,789589,5,212011,1320,1415
2534,1635,83.4,455720,10,192738,1480,1339
1416,968,83.3,181301,11,162051,656,729
1893,1016,87.2,238166,5,200719,673,836
2287,1177,78.5,427000,6,219218,943,834
1317,918,85.1,110579,8,114328,613,689
1971,989,76.0,413024,11,133823,759,837
2229,1566,71.6,381637,7,114152,1439,1392
1860,1169,70.4,641122,10,154130,845,894
1801,948,66.5,335558,7,229886,817,751
2702,1451,74.5,787435,9,135411,1075,1292
3000,1569,80.5,210154,6,140532,1041,1243
1581,1173,76.3,505510,9,225564,958,881
2889,1580,79.6,144583,7,165191,1423,1195
1698,959,87.9,608382,7,168704,741,697
2423,1150,73.9,796223,7,225640,960,989
2685,2111,96.7,669780,9,160842,1942,1668
3000,2111,84.0,480107,11,194273,1872,1804
2917,1691,76.4,429014,6,89988,1198,1304
2873,2049,76.2,681222,12,106261,1783,1662
2144,1322,69.9,753901,10,145766,1058,1131
1938,1321,77.8,792229,12,161597,1154,1163
2748,1582,60.7,365508,11,244003,1263,1324
2228,1072,88.0,793461,10,244864,738,943
2995,1735,55.5,192267,5,223959,1424,1272
1763,982,78.3,262556,12,130230,783,730
2150,1287,68.8,144092,5,243705,1037,1059
1902,1645,72.4,275652,12,195635,1503,1212
1252,923,73.4,632915,7,143765,848,786
2928,1784,93.4,694106,6,197793,1402,1598
2290,1589,69.2,640803,12,77891,1250,1358
1577,1213,85.3,534367,6,100577,976,974
3000,1995,87.3,450056,8,220195,1608,1606
3000,2111,59.3,590267,8,187975,1974,1673
2055,1485,73.1,361400,11,138734,1255,1045
1469,912,89.9,685742,12,162617,669,799
2103,1687,67.5,567577,9,233400,1366,1481
1953,921,87.6,582419,12,185526,772,795
3000,2045,77.9,465874,12,144676,1722,1687
1574,838,77.5,717365,8,96057,692,674
1577,1296,78.6,261451,11,126406,912,1035
3000,1579,80.7,354426,10,246210,1042,1239
3000,2056,70.4,639903,10,151539,1545,1790
3000,1742,75.9,434779,11,157572,1356,1535
1162,948,81.0,720234,9,162255,634,863
3000,1821,79.4,329408,5,229718,1629,1305
2946,1460,80.8,345918,7,180687,1100,1241
1910,1101,72.3,719890,6,196393,1017,954
3000,2183,83.1,414347,5,143147,1520,1691
1664,1037,79.0,451610,11,80090,692,919
2432,1446,65.4,319590,10,237920,1149,1170
1663,1462,73.7,279202,5,241097,1033,1206
1866,1035,70.8,552283,9,241102,964,789
1192,1002,70.7,166285,7,240145,654,713
1665,1055,74.2,713076,10,217667,816,899
1986,1397,82.9,641026,9,194804,1296,1258
2484,1461,73.0,217339,11,222789,1118,1190
1289,1034,79.8,579694,5,180096,701,785
3000,2168,78.5,513896,6,98515,1606,1939
2632,1333,71.8,212865,8,143463,1066,1029
2123,1659,75.2,276707,9,244977,1170,1217
1906,1569,84.9,374470,10,136449,1239,1207
1688,1340,79.2,583455,5,226870,1207,992
2090,1012,82.4,539881,8,91312,923,741
2121,1262,88.2,463209,8,133482,839,1043
1993,1235,81.5,633256,5,136417,862,927
1317,1082,62.6,625715,7,84030,793,876
1609,887,80.2,524859,5,95842,735,771
3000,1867,73.1,646633,10,108804,1416,1600
2534,1260,92.5,320670,11,221618,1138,1067
1926,1077,81.2,714500,6,86095,932,831
1443,1220,73.2,522735,10,127273,830,1038
2663,2176,82.5,672102,11,76781,1822,2054
1726,1495,78.7,473321,8,196735,1022,1303
1818,1314,64.3,237276,6,183553,955,897
1876,1502,84.9,470535,9,187872,1056,1222
1134,818,74.8,347200,8,140517,574,633
1252,822,89.4,582199,12,111447,686,691
2590,1212,77.0,422572,7,201056,993,992
3000,1853,89.5,682001,5,216946,1302,1770
1831,907,81.4,568212,9,99255,859,776
3000,2190,85.8,572872,12,160195,1701,1809
2575,2104,74.1,236352,10,118525,1429,1662
3000,1951,80.8,788660,6,104419,1339,1528
2878,2052,64.2,686006,9,203507,1693,1606
3000,1934,77.0,648084,12,169167,1825,1741
1379,935,66.1,317755,12,112832,768,748
2551,1161,68.9,465655,12,129250,1085,1087
2792,2009,70.9,178714,7,244164,1574,1547
1306,928,83.3,467703,5,223519,725,688
3000,2084,76.8,185040,9,228991,1667,1452
1481,1314,78.3,478187,10,155502,1129,1128
2329,1248,76.6,547080,6,184166,949,963
3000,1927,86.6,360941,9,140934,1752,1465
3000,2047,78.0,438952,5,88600,1349,1573
3000,1673,80.0,710470,10,145187,1308,1528
2764,1272,73.4,158165,9,178947,1022,978
2148,1833,87.2,650048,6,125250,1525,1441
2206,1101,87.8,202943,5,223391,807,945
1865,1030,77.7,106430,7,101443,802,849
3000,1722,73.3,213614,7,139248,1370,1481
2345,1889,65.1,630831,8,96858,1617,1645
3000,1736,71.1,371691,9,145846,1531,1483
1987,911,60.7,708215,6,81941,794,717
3000,1836,70.7,457789,9,122696,1382,1544
2056,1299,80.9,96020,5,145129,1234,1066
1980,1731,77.6,596034,8,158679,1566,1570
2093,1397,96.6,159368,6,170147,1017,1119
2075,1033,75.0,648353,9,123123,732,854
2622,1401,74.4,201034,6,166532,1043,1027
1787,1113,86.5,328721,5,164076,874,943
1584,1365,62.6,628115,8,130331,1236,1042
2880,1835,66.1,767047,6,220285,1621,1524
1629,1008,83.3,347432,5,170487,913,758
3000,1837,76.4,677168,7,133147,1344,1520
3000,2200,76.6,217370,6,240784,1822,1731
2659,1843,70.5,661169,8,222895,1355,1540
2326,1386,79.9,553396,11,246953,946,1220
2127,1814,71.5,218775,10,196141,1551,1267
3000,1893,78.6,297803,10,141189,1312,1508
3000,2034,68.7,174875,6,124151,1730,1481
3000,1924,76.5,355736,6,191081,1625,1423
2232,1497,94.2,226627,5,246643,1337,1130
1723,931,74.6,543679,9,184675,644,733
3000,1955,76.9,796044,10,229283,1730,1716
3000,1843,76.4,88647,12,132593,1750,1479
1862,1335,79.4,469462,9,146217,1209,1145
2624,1813,81.7,493040,10,233598,1587,1528
1270,1026,80.1,738230,6,207452,871,860
3000,1977,80.2,444324,12,246747,1535,1647
1854,1621,76.6,471465,8,210584,1409,1347
2935,1670,78.8,419590,8,153490,1448,1186
2476,1204,76.3,273611,11,167937,1011,977
2082,1001,63.5,120341,10,232590,890,789
1334,837,98.0,374234,12,171538,657,786
2795,1741,83.8,117866,10,119695,1195,1276
1169,987,70.2,476355,5,151233,807,710
3000,1880,79.8,301251,6,165355,1371,1268
3000,1740,67.2,464194,6,91926,1332,1261
2523,1843,74.0,176694,11,205158,1208,1418
1676,1072,66.1,751494,9,94137,820,857
3000,1942,77.6,724055,5,145861,1734,1543
2854,1382,65.3,216797,7,215809,1123,1072
1798,1315,81.1,327280,8,156825,859,1082
3000,2044,83.5,521715,8,222353,1617,1688
1738,1325,71.4,148894,6,134829,977,991
1376,1135,79.3,335289,11,242586,900,930
3000,1497,71.0,260801,12,111657,1155,1074
3000,1878,82.1,739172,5,81696,1746,1594
2515,1299,72.5,693808,7,227675,860,1089
1960,1699,84.3,497480,8,206635,1453,1380
3000,1565,63.5,454649,5,115597,1417,1191
2112,1335,70.0,750123,7,247330,1252,1099
1419,961,69.1,751348,10,162899,676,827
2370,1393,79.6,777918,6,241436,1127,1298
1150,958,82.4,170273,9,163380,635,661
3000,2011,80.2,195602,8,157578,1608,1627
1495,859,73.9,567250,8,153599,591,762
2237,1714,55.6,469833,7,133603,1545,1206
2800,2142,78.3,93295,9,168398,1465,1614
1316,1010,84.3,124622,12,154197,812,809
1401,1205,98.0,719418,10,81431,972,1169
2555,1463,74.6,705587,5,120576,1377,1376
3000,1932,72.7,337235,6,112296,1635,1385
2125,1899,80.6,721556,5,226801,1398,1531
1547,1341,76.0,507446,7,179802,969,1082
3000,2137,88.2,660252,12,208645,1471,1906
3000,1797,71.5,387750,12,242445,1576,1481
2831,1940,76.0,161647,8,187707,1663,1399
2562,1726,85.0,392283,10,246957,1438,1330
2927,1667,80.5,409256,8,129559,1104,1233
1147,818,87.3,476680,5,107597,719,580
1390,1231,74.5,156020,10,145579,1037,842
2938,1539,88.1,793809,11,157390,1445,1465
3000,2173,64.7,255779,6,231688,1795,1712
1708,982,65.0,222958,7,172990,728,779
1747,912,88.2,459298,6,126132,697,748
3000,2006,78.1,466790,12,204961,1410,1656
1698,1280,85.4,396671,7,163521,1110,1011
2929,1969,78.8,635762,12,103373,1698,1517
2019,1630,77.9,451991,6,175943,1158,1343
2406,1936,67.4,518981,11,234494,1350,1642
2880,1562,77.8,601097,5,222459,1051,1202
2607,1275,88.9,98018,9,177692,1178,951
3000,1562,78.5,490864,10,140990,1125,1336
3000,2126,83.5,716620,7,90221,1601,1829
2305,1770,83.2,92520,5,157189,1299,1397
2212,1819,69.9,371731,8,206614,1408,1542
3000,1941,84.9,746884,8,138048,1677,1563
1667,960,75.5,334271,6,116203,875,755
2136,1200,75.9,410285,12,237991,846,933
1954,997,94.8,786710,8,218772,853,844
3000,2083,82.8,223513,12,186698,1574,1627
2944,1459,72.9,126984,9,98937,1378,1247
2173,1870,78.5,698784,7,100359,1383,1646
2303,1198,78.3,705295,6,93063,781,1011
1786,877,91.5,419896,7,182852,706,641
1306,923,78.3,450229,7,95223,642,759
1577,874,95.7,681781,11,222460,580,792
1353,936,67.6,611763,5,248769,804,704
3000,1401,77.7,270907,8,139111,1218,1184
1860,1636,71.9,92163,10,154392,1290,1150
2257,1299,74.0,425384,7,199542,1108,1098
1202,937,74.2,698417,12,239002,760,802
1599,849,72.3,725001,9,231466,712,662
2292,1772,91.8,768483,11,85079,1469,1518
1431,1053,89.4,713286,12,104588,895,925
2481,1509,81.2,497631,9,207055,1071,1274
2869,1362,74.2,400116,12,195556,995,1203
2074,1556,72.5,637892,10,98313,1217,1377
1694,1346,83.9,612672,8,162861,1055,1101
3000,2125,80.4,467463,8,211643,1875,1784
2841,1721,76.8,142876,6,113287,1308,1456
2902,1380,82.3,746779,6,227475,964,1119
2739,2172,85.1,408034,12,84270,1576,1721
1535,848,76.8,341600,6,211884,606,605
2327,1716,71.7,533289,8,182768,1492,1327
2414,1897,67.4,565163,7,130160,1501,1528
2783,1503,80.0,231695,12,201163,1296,1064
1858,1060,95.3,682596,5,211914,821,935
2230,1155,69.1,288755,10,238432,1059,896
3000,2083,86.8,214412,11,139361,1969,1667
2289,1437,72.6,372608,10,195053,1223,1070
2384,1542,74.2,606003,10,180458,1402,1276
3000,2118,85.3,775130,6,166911,1699,1977
2571,1809,76.0,662683,5,230823,1683,1443
2464,1730,80.0,757051,9,75554,1556,1283
2146,1440,79.8,181236,8,124370,1364,1207
2738,1591,72.6,131247,9,169199,1332,1273
2942,2136,85.2,481547,6,106201,1888,1743
2973,1411,77.5,289014,7,233877,1147,1171
2239,1608,66.9,676200,11,188329,1170,1340
3000,2005,70.9,563831,11,158630,1517,1819
1803,1485,55.0,778924,6,217573,1364,1240
3000,2187,78.4,263450,5,153905,1458,1633
2070,987,88.4,429765,11,172764,817,915
2294,1784,69.6,440893,6,75481,1359,1553
2916,1347,82.7,252207,10,138998,1032,1162
2436,1524,81.4,504867,7,99288,1395,1281
3000,1725,72.0,399166,7,195696,1563,1303
3000,1675,90.3,401640,8,158830,1390,1450
2029,1417,75.8,341170,8,127808,1037,1147
1586,1213,94.1,92189,10,156871,961,957
3000,2165,64.9,455909,12,111685,1672,1814
2456,2043,75.8,321378,12,236890,1545,1635
2142,1702,76.8,80950,7,84445,1159,1321
1169,962,77.7,301719,12,226448,782,816
3000,2043,83.7,280612,10,164488,1513,1506
2111,1069,98.0,363283,7,183316,907,844
1797,1431,81.6,174933,12,127956,1067,1063
2120,1705,78.2,445532,12,244172,1329,1558
3000,2005,69.2,578557,12,124324,1335,1725
1322,1004,62.9,533734,5,178054,952,818
1667,1381,87.4,658704,12,248848,1108,1260
2105,1640,73.6,405446,12,229192,1078,1236
3000,2051,98.0,453746,6,168858,1666,1493
2795,1395,84.9,663489,8,248316,1271,1200
1562,1049,80.7,387945,5,197740,925,878
3000,1674,81.2,585152,11,111523,1440,1412
1683,995,81.2,392914,12,145979,688,758
2747,1489,72.4,380770,12,133536,1262,1155
3000,1893,64.0,627348,6,135202,1666,1412
2576,1438,73.6,205883,12,208080,1182,1105
2049,1471,77.9,323782,12,177246,1350,1100
2316,2026,72.8,241404,12,81666,1485,1594
3000,1971,67.7,338559,8,228553,1424,1484
3000,1743,72.0,245870,11,126939,1588,1441
1723,998,86.3,497172,10,249488,836,793
2602,1291,84.0,654683,11,241983,840,1144
3000,1695,79.4,646361,5,239593,1281,1408
1204,941,82.7,342441,12,216947,854,782
3000,2136,68.9,791907,9,113607,1406,1849
1775,964,71.6,507575,11,168211,628,832
2424,1113,80.5,367568,9,114253,817,964
1791,820,70.0,681588,8,120443,758,714
3000,1905,78.9,605509,5,181917,1753,1590
2673,1954,67.9,619478,11,82146,1574,1543
3000,1783,64.8,221220,12,244655,1455,1473
1344,1104,83.9,417194,6,235768,828,840
2292,1170,86.2,700516,11,141634,846,1014
3000,1652,73.0,442907,12,165199,1478,1297
1799,1183,65.8,572086,6,156571,807,892
2231,1244,60.3,503312,5,229385,990,959
1926,1224,92.7,686497,9,195505,1029,1047
1518,960,78.9,284884,5,123669,654,710
2884,2001,73.1,494342,12,153197,1613,1647
2768,1428,75.1,168729,9,150069,1176,1138
3000,1694,62.7,576952,9,242884,1478,1336
2752,1289,83.0,607017,10,105679,929,1259
2347,1816,94.0,110843,10,90676,1340,1468
2322,1126,71.7,566569,6,229108,924,934
2670,1397,97.1,378577,8,231920,1320,1131
2500,1814,77.1,169350,7,227554,1297,1399
1277,1088,91.3,382333,5,164421,1029,880
1942,1392,80.5,219848,9,190455,1203,1092
2886,1372,80.4,379203,12,173589,1232,1247
3000,2177,92.8,356724,5,87153,1474,1563
1566,827,84.3,611642,8,179271,612,689
2424,1753,81.0,637435,12,77382,1170,1552
1592,842,62.5,517061,8,131873,641,642
1382,1222,65.9,96335,7,238151,1154,797
1477,976,81.7,750336,12,128208,665,823
2376,1328,89.7,574088,11,239470,1087,1218
2225,1765,79.0,104621,7,118773,1150,1255
1999,997,73.3,669560,9,130048,861,831
1914,1409,63.3,224192,10,184971,999,1104
2983,1641,71.7,497039,11,208285,1130,1313
2554,1652,79.0,415977,7,162743,1241,1291
1441,821,71.1,382284,10,229370,724,636
2357,1935,70.3,720594,11,82042,1320,1559
2103,1880,77.6,394900,10,236384,1352,1388
3000,1889,89.6,134248,9,109354,1233,1476
2292,1641,83.5,761580,12,229742,1543,1514
1795,897,80.3,742785,6,145151,742,841
3000,1967,79.5,572792,12,220732,1703,1784
1644,1234,82.4,416883,10,192541,1043,1013
1998,1436,77.1,146859,12,105790,996,1243
3000,1909,74.7,649339,9,235658,1582,1815
2999,1387,83.9,134344,7,117966,956,1111
2409,1143,76.2,129393,5,117725,881,825
3000,2117,68.5,466916,7,217481,1737,1811
2705,1370,89.5,195292,12,93528,1120,1052
1762,1410,63.0,85566,8,113856,967,970
2267,1042,90.1,384642,7,163144,688,759
2939,1360,82.1,178796,6,220333,1210,1125
2252,1759,70.2,195571,9,100810,1526,1137
1188,831,78.2,135376,10,170842,561,686
1440,1190,74.6,227668,8,199467,819,1019
1505,1076,84.5,595149,9,225604,988,994
2659,1331,84.3,662428,9,238724,1172,1069
2997,1977,81.7,405824,10,212312,1876,1433
1415,1182,84.0,444719,11,189245,858,930
2792,1891,77.1,103512,7,150884,1506,1519
3000,1683,92.1,129908,5,94619,1213,1427
1816,1013,87.8,265449,11,199204,848,868
1830,1175,74.2,471607,8,248729,804,981
1980,1543,84.5,612477,10,203933,1062,1478
2211,1012,83.8,515602,6,77924,680,821
1759,878,75.9,362332,6,161845,753,672
2012,1427,75.3,165193,5,182563,1139,991
1651,1403,87.7,642157,5,195693,1172,1186
1838,1581,77.9,341926,7,200952,1445,1218
2218,1800,80.1,609959,6,172669,1570,1540
2572,1479,89.2,449345,8,114088,1166,1200
1818,857,98.0,611837,12,239885,810,793
3000,1849,73.8,733248,10,196917,1455,1538
3000,1680,76.2,743141,5,116447,1149,1398
1982,1246,78.6,465277,5,131406,1181,996
1626,865,78.8,448286,5,236337,568,628
3000,2077,81.0,271288,12,230310,1693,1659
2411,1867,74.1,753776,10,145901,1387,1625
2875,1920,67.9,409702,8,81704,1538,1420
3000,1811,92.0,171866,6,83487,1481,1608
1208,1026,82.9,391548,12,124686,741,836
2356,1573,74.7,171478,12,185096,1285,1187
2495,1478,81.5,441823,11,177234,1296,1182
3000,1400,92.7,484118,8,185920,1022,1290
1911,1178,71.7,323184,10,200525,901,890
3000,2001,79.7,131588,8,78331,1462,1574
2376,1508,66.9,759323,7,93390,1351,1318
2185,1106,77.1,636814,11,137910,959,982
2769,1578,82.9,683994,10,102100,1438,1317
2704,1303,69.1,344145,11,88181,913,1113
1656,1067,76.5,627798,11,187169,717,908
1424,807,84.4,429468,5,217684,553,587
2343,1307,82.7,224780,6,206710,913,1112
1988,1275,68.7,169585,11,217982,1033,949
2669,2120,81.0,328437,7,191525,1996,1647
1158,963,82.5,179038,7,203685,729,754
1436,1284,78.9,798754,10,122561,1204,1056
3000,1895,86.7,115416,9,248776,1253,1564
1858,1366,73.3,397623,12,107054,1268,1027
2271,1704,81.3,405507,5,112536,1200,1297
2593,1358,68.7,296455,6,125561,1254,1145
1506,1037,65.2,491373,6,245683,692,815
3000,1927,84.2,187983,6,247951,1801,1400
2600,2033,78.2,644417,12,214106,1444,1721
2917,1353,74.3,319362,10,185085,1002,1127
3000,1627,69.5,505767,5,166011,1297,1177
2598,1267,84.6,595260,11,244859,968,1203
3000,2091,65.9,720110,11,196734,1778,1933
2297,1185,85.9,681767,10,240328,1117,1042
1981,1574,81.6,517983,6,130396,1309,1253
1827,1647,66.3,359643,12,133411,1427,1292
1331,1186,79.0,442307,11,224577,802,1012
2925,1676,98.0,633489,8,101225,1405,1497
1694,1058,87.5,711833,8,240537,832,922
1807,1082,71.4,154723,12,163808,991,924
1000,839,83.7,357097,12,237122,643,729
2011,1285,66.7,638804,5,133939,1097,973
3000,1728,67.0,390789,6,200293,1241,1433
1617,1019,77.5,319204,10,159503,742,877
3000,1952,82.4,376152,12,184691,1489,1636
2460,1814,84.5,514048,12,163265,1345,1575
3000,1823,84.6,799860,9,244245,1324,1562
2467,1412,82.0,434955,12,196118,939,1099
2300,1727,65.1,230116,9,118981,1556,1476
2023,1487,77.5,197250,9,234193,995,1054
2529,1412,85.7,110492,8,126455,1294,1232
2132,1059,81.5,482348,10,140031,728,891
2786,1789,79.5,472092,9,92872,1198,1579
2443,1765,80.6,227768,6,232494,1445,1366
2393,1165,80.5,580637,6,125070,933,1031
2466,1343,62.3,613597,9,120311,1071,1134
2307,1448,87.2,266551,7,236046,1191,1109
2640,1613,77.1,327752,9,215967,1187,1303
2436,1839,83.7,793140,7,99689,1561,1550
3000,1952,59.6,349470,5,209632,1563,1542
2054,1374,91.3,627777,5,234781,1031,1162
3000,1932,68.7,405962,6,88739,1735,1541
2950,1812,98.0,651208,10,219413,1573,1496
2401,1469,95.0,633697,8,170799,1128,1173
1840,1068,67.4,560784,10,192110,966,883
3000,1985,84.5,695440,6,161250,1838,1689
3000,2083,69.9,756237,6,197116,1689,1609
2750,1723,72.9,497588,10,80967,1231,1461
3000,1925,73.1,250978,8,208474,1780,1559
1825,1046,81.6,367013,6,80835,739,850
1527,930,80.6,625980,11,154677,618,794
1511,1152,68.4,548636,11,101419,862,863
1602,995,81.5,208015,8,219125,864,720
2369,1729,76.4,116892,6,129891,1603,1335
3000,1821,63.4,571732,11,154466,1532,1418
2121,1444,74.5,260777,5,150031,1351,1052
2203,1026,91.3,439763,7,210188,695,877
2530,1500,74.8,617658,6,159200,1002,1388
1910,1064,63.3,485120,7,213068,884,827
3000,2195,84.5,139978,9,87864,2063,1936
1795,1445,70.6,213618,11,108529,1157,1110
1529,1010,79.7,237916,6,171518,672,814
2660,2200,76.6,265662,5,240740,1576,1780
3000,1742,92.1,487090,8,88083,1260,1558
3000,2187,76.6,442855,5,82540,1643,1763
2456,1256,68.8,226275,7,102396,833,964
2046,1524,74.2,128639,8,187202,1404,1218
2625,2049,68.2,203431,5,144824,1649,1567
2755,1781,76.3,788755,5,219472,1516,1454
3000,1954,92.2,417354,5,87588,1309,1730
2610,1387,88.0,704489,10,109372,924,1249
1990,1275,94.3,691102,12,127505,1053,1077
2979,1785,81.8,448294,8,184678,1635,1387
2505,2100,79.1,588815,5,194905,1698,1896
2085,955,70.0,218781,12,96736,872,743
3000,2041,80.2,575646,11,240166,1823,1790
1398,989,77.0,276117,11,134683,665,805
3000,1780,84.2,679085,5,199805,1265,1561
1641,1345,69.0,140281,7,166736,1140,1128
1816,840,78.4,636660,5,113983,658,746
1429,1106,65.4,151955,11,223090,815,885
3000,1742,80.7,714456,5,218192,1351,1449
1558,1137,83.4,299027,9,144313,891,869
3000,2137,65.0,551163,12,178006,1973,2001
3000,1898,67.3,431002,8,120119,1293,1502
3000,1752,67.6,343738,9,195724,1286,1378
1914,1078,76.6,544718,12,129080,875,927
3000,1999,66.8,762217,12,222714,1718,1714
2011,1695,89.0,109714,10,113042,1422,1458
1569,1072,81.5,741574,7,77591,1000,935
2246,1636,82.8,518539,12,121989,1454,1262
3000,1419,65.3,661266,9,108434,1159,1142
2539,1661,88.3,356390,10,163950,1187,1367
3000,1730,83.2,419727,6,110648,1359,1495
2016,1088,72.5,705573,8,208558,934,837
2031,1523,65.7,378691,5,117240,1373,1200
2306,1692,77.4,464955,9,198719,1587,1431
1509,1071,74.3,94540,9,176232,891,861
2932,1889,74.6,194191,5,247594,1526,1431
1741,1282,72.4,542014,5,249983,840,1086
1946,1735,83.8,596223,7,227167,1165,1350
2164,1047,57.2,499473,9,207997,730,893
2065,955,89.4,183183,9,142630,636,775
2760,1870,86.0,400692,11,206823,1440,1550
1845,1253,79.7,335668,12,242418,941,1021
1108,1000,76.8,436876,6,79091,841,816
1706,923,86.7,706637,11,169135,748,760
1606,800,77.7,638620,10,113150,663,722
2229,1767,75.8,140472,6,172628,1399,1403
2110,1654,87.1,721023,11,156628,1213,1400
2834,1439,94.7,419672,9,175760,1347,1225
1760,990,70.2,615581,6,171418,669,769
1511,1315,81.4,180828,9,243019,1225,939
2215,1241,69.3,562918,8,171633,923,1030
1356,942,82.0,250155,7,223091,757,748
3000,2014,71.8,395634,6,130969,1375,1546
2593,1332,87.7,92141,9,151668,894,981
2044,1026,77.2,189160,6,157322,799,828
3000,2136,78.4,146298,12,123777,1864,1638
3000,1748,91.0,252616,12,141463,1277,1382
3000,2125,72.1,152013,10,179740,1740,1768
2454,1259,83.5,578175,7,176533,924,1002
2204,1350,72.9,100909,8,186376,1035,1067
2488,1192,87.6,524773,5,136568,1099,909
3000,1644,92.3,181310,12,130271,1491,1238
2428,2030,75.9,760516,5,182033,1634,1717
2149,1009,60.4,751828,6,98251,728,820
3000,1938,72.5,242362,9,119281,1372,1400
2847,1445,97.5,522383,10,82372,1353,1329
2740,2074,73.3,100164,12,87707,1474,1633
2021,1018,92.2,750888,7,117592,909,788
2454,1206,73.1,456551,8,78418,917,1047
3000,2177,73.0,111121,8,117947,2059,1528
3000,1687,84.2,326600,12,189621,1283,1255
1567,1357,83.3,135332,12,85694,1025,1006
1706,1349,84.8,362920,11,151429,1135,1093
1592,941,78.0,562347,8,234794,883,785
2446,1411,86.3,418321,5,213475,1330,1032
2353,1300,85.7,356280,7,128452,1121,968
1833,1639,87.2,165793,11,236841,1436,1227
3000,1501,73.0,256356,5,132688,1229,1122
1603,1395,86.3,152103,6,87690,1223,1118
1358,1080,73.8,661399,8,248960,981,864
1364,1223,76.7,177373,7,227254,973,969
2852,1655,76.6,508669,12,156538,1384,1479
2272,1069,70.0,326773,8,191616,867,884
1746,953,64.1,242704,5,192465,780,579
2833,1413,87.8,540417,5,109034,1296,1166
1628,1461,72.4,409042,5,110009,1106,1112
1496,882,75.8,368105,8,157177,628,705
2803,1746,72.2,506853,7,234525,1374,1227
2800,1698,75.9,433713,7,76749,1210,1302
2474,2098,74.0,298509,6,211938,1677,1461
2007,1083,88.2,482524,8,85067,997,860
2942,1779,73.3,562039,6,158689,1486,1423
1887,972,91.7,99219,10,186628,881,751
3000,2150,87.1,415428,6,195183,1505,1642
2385,1886,74.2,121532,6,85234,1736,1388
3000,1896,80.6,214212,6,148256,1575,1429
2014,1562,82.2,483566,12,177172,1030,1310
3000,2198,84.7,703656,5,86558,1846,1786
2541,1432,85.5,715620,10,98642,1340,1136
2019,1586,79.5,130360,11,191139,1069,1149
3000,1742,70.4,381756,12,166287,1437,1389
3000,1811,83.1,499765,6,103320,1675,1445
1413,1197,76.1,185890,7,168667,782,823
3000,1943,55.7,631111,6,234721,1631,1604
2389,1733,81.1,615849,5,77728,1373,1444
2926,1475,72.1,730406,12,187461,1112,1237
3000,1735,74.3,86110,9,87889,1454,1322
2752,1264,78.0,236013,11,76129,842,959
1792,1085,65.6,675574,10,101365,950,949
1703,1064,79.1,562818,9,149009,693,996
2158,1119,75.5,723961,9,215410,830,925
1834,1472,71.0,121169,10,124312,1179,1204
3000,2199,78.4,509814,8,184493,1678,1692
2754,1619,64.5,489714,11,146952,1202,1274
1064,888,78.6,105686,12,116008,799,750
3000,2026,81.8,449736,11,164993,1885,1663
3000,1620,80.4,518855,7,214556,1478,1399
3000,1800,84.3,217731,5,220686,1452,1385
1370,1133,87.3,276797,10,223141,1037,804
1225,1021,77.3,541050,12,134248,946,962
1167,840,86.8,417177,9,213855,649,678
1788,867,77.3,697770,5,112131,637,739
2219,1787,72.4,326515,5,204224,1214,1299
2484,1313,74.9,271995,8,240967,1042,1096
2362,1950,80.1,789103,9,77405,1821,1724
3000,2078,86.7,736018,6,152064,1700,1599
2229,1494,78.0,100875,5,188360,1270,1137
3000,1839,72.6,634925,9,197811,1258,1612
1732,1276,89.6,159441,11,105815,884,1094
3000,1885,66.5,99789,5,245132,1488,1453
2284,1680,72.7,277061,8,182671,1571,1363
2320,1231,85.1,273929,8,103760,933,965
2199,1067,92.1,669910,6,78591,974,859
2303,1858,81.8,591680,8,212071,1275,1501
3000,1578,80.0,786759,12,88948,1318,1298
2267,1293,75.7,592289,9,99684,1073,1034
1810,1460,82.4,381144,10,175595,1326,1122
3000,2148,79.0,583228,8,180613,1398,1668
2716,2127,72.0,799611,10,195205,1504,1852
3000,2099,75.5,591302,6,143865,1503,1598
3000,1812,71.1,628411,11,210432,1694,1687
2462,2024,78.1,755623,7,245513,1409,1787
3000,2147,79.3,161829,5,122442,1419,1757
3000,1858,91.1,587445,12,198030,1506,1546
3000,1776,73.2,692580,5,237482,1436,1485
2133,1281,76.6,767153,9,195100,1157,1030
3000,1527,88.1,231898,6,194194,1427,1246
2161,1279,92.4,442829,6,114160,1038,946
2895,1888,81.8,569999,6,168648,1754,1653
3000,1831,76.0,258177,5,173441,1588,1359
3000,2124,74.2,512340,8,197523,1549,1749
1849,1142,63.3,265457,5,249444,1060,891
1854,1131,70.6,320089,5,80888,962,844
2513,1237,78.8,397893,5,86416,958,951
1961,973,76.6,461017,11,88641,831,810
2097,1358,83.0,403543,11,205021,1046,1175
1945,1326,76.4,435101,8,98862,907,1056
2393,1458,72.2,294984,7,183929,1262,1184
1427,825,80.7,194455,9,131817,740,687
2205,1619,98.0,114092,7,155031,1406,1260
2771,1404,75.5,221105,7,112741,1009,1100
1970,1205,79.1,498999,5,226569,1129,983
1513,1031,84.8,646003,12,177576,678,945
1622,1332,73.4,201858,7,240299,999,986
1777,1304,88.2,158160,5,175554,949,1079
2097,978,65.4,619489,5,96684,650,811
1337,931,74.7,299714,9,104902,718,699
1475,1147,75.5,765080,6,248088,960,948
2151,1339,79.2,594309,5,201974,1225,1023
2259,1571,62.2,315264,11,83624,1488,1118
1000,875,88.8,288471,7,198162,781,716
2006,1378,81.3,457063,9,147130,1089,1182
2808,1653,87.0,136984,10,128761,1433,1318
1695,993,90.9,164727,10,101961,897,805
2962,1985,72.1,206618,10,221983,1567,1487
1824,1146,58.0,637801,7,86172,1015,928
3000,1750,87.2,449977,6,125721,1391,1612
3000,2184,75.7,87608,8,128617,1673,1761
2644,1910,68.9,564932,12,103158,1543,1564
2852,2085,82.6,385057,6,163932,1778,1640
1624,1013,97.7,447814,12,77048,879,851
2655,1372,77.1,234164,9,127671,1039,1001
2095,1579,85.6,477283,6,238385,1297,1240
1995,1061,70.1,784990,10,129343,979,949
1717,1529,64.5,132880,6,138080,1442,1041
1689,1082,85.3,284421,9,157804,777,857
2268,1161,82.4,254958,9,173296,822,877
1826,1240,74.3,258956,10,216524,1058,1025
1534,892,91.6,352669,11,108306,691,690
2057,1552,63.9,669039,7,227556,1020,1295
3000,1666,68.2,737258,12,207571,1256,1514
1089,941,73.7,225595,5,201464,839,691
3000,2114,75.1,470924,8,90191,1880,1628
2040,1548,89.7,538567,8,78787,1236,1324
2994,1452,78.4,455716,10,178952,1150,1331
2232,1500,76.5,392535,11,226048,1236,1318
3000,1797,67.8,218222,8,177277,1286,1378
1231,848,86.7,431518,6,112316,685,649
3000,2125,68.9,368875,9,90841,1388,1646
2082,1680,67.8,652806,12,197429,1332,1247
2610,2013,74.8,629795,11,201310,1511,1619
3000,1959,79.3,176479,9,105193,1670,1576
1611,1354,72.2,143734,10,79933,1139,1004
1583,1203,83.7,733871,9,146450,919,987
3000,1691,75.7,465566,12,176976,1103,1405
3000,1664,86.4,697617,5,198550,1208,1393
2121,1401,82.0,121869,9,216740,1177,1144
2412,1140,92.3,459091,9,181844,766,897
2554,1503,74.5,468387,11,94404,1025,1280
1560,1117,84.8,699705,12,194452,943,962
2654,1417,63.7,150279,6,247231,1242,1100
3000,2186,98.0,253121,7,233477,1632,1610
2584,1181,84.4,372708,8,227542,941,1028
1436,1032,75.6,703406,6,127880,964,879
3000,2167,75.9,755996,6,206388,2023,1984
1870,1616,76.0,794762,6,223943,1199,1272
1656,1352,92.7,770619,8,193707,1207,1125
1828,1655,85.2,84278,10,118848,1371,1124
3000,1618,74.5,114350,6,241921,1525,1173
1947,982,68.1,186277,7,153893,779,830
3000,1864,87.6,331181,10,97716,1645,1557
1986,1196,84.7,677541,9,94211,1053,982
2257,1578,83.7,722712,7,188316,1261,1344
2160,1706,77.3,214521,11,151599,1516,1330
3000,2156,75.6,526158,12,91535,1570,1579
1402,926,91.5,740501,10,204564,636,730
1546,800,92.2,413887,9,214882,622,720
3000,1991,83.1,154551,9,201948,1858,1635
1000,818,85.8,409626,6,110396,655,592
2413,2155,79.9,350572,6,195711,1811,1663
1677,1383,67.0,495914,8,76876,1158,1041
1947,1255,70.2,395834,5,128395,866,1047
3000,1756,87.2,92489,7,144794,1347,1411
3000,1932,88.2,795678,8,221168,1666,1573
3000,2091,86.4,471349,8,143319,1969,1732
2007,1244,80.8,421014,7,76972,871,1004
3000,2063,86.7,767325,12,136661,1595,1805
2590,2124,77.5,192219,10,162312,1441,1591
2891,1401,83.0,216251,11,241076,1013,1147
1769,902,76.4,661771,7,239681,688,724
2296,1787,69.5,267798,9,106653,1451,1270
3000,2073,84.9,655444,11,107401,1491,1645
2158,1319,88.2,275504,12,103592,947,1018
3000,1976,97.8,103895,5,213061,1745,1590
3000,1658,80.1,452251,12,76054,1557,1430
1691,973,69.6,221614,10,97256,727,834
3000,2166,75.4,625649,6,169143,1855,1740
2084,1804,76.9,541664,5,118323,1312,1496
1438,1230,79.2,744994,5,91162,1142,1016
1993,1526,81.8,643752,12,137979,1300,1318
1873,1649,80.9,210159,6,122986,1469,1324
3000,2147,84.2,656114,5,164443,1427,1840
3000,1789,79.6,542051,10,246366,1484,1508
1797,1438,60.2,561645,10,96753,1162,1100
2462,1219,79.8,679229,10,140227,899,1073
1769,1393,78.7,493153,8,238097,1015,1220
1838,1284,82.4,415523,8,228453,1058,1050
1664,1211,75.1,538382,10,143997,1044,969
2619,1735,79.8,294529,6,197317,1145,1432
2632,1907,82.4,211470,6,90375,1564,1343
3000,1936,76.7,523943,7,199695,1357,1541
1751,1131,83.4,248371,7,245250,783,837
3000,1454,78.6,137539,12,169060,1217,1162
1000,840,79.3,80399,10,162236,624,693
2209,1758,55.0,517990,11,107781,1375,1440
1047,904,68.8,340747,5,185913,685,600
1790,1001,68.9,621664,5,178327,845,784
1449,1249,79.7,350127,6,189088,988,879
3000,2089,88.2,429922,11,79565,1962,1849
2842,1709,77.1,373101,5,171027,1292,1303
1695,1009,84.8,548414,12,179114,880,866
2340,1362,83.2,336420,9,111318,990,1118
2500,1941,79.1,773913,8,111458,1558,1658
1992,1512,82.6,754026,5,123338,1233,1044
3000,2200,80.0,690580,5,199551,1647,1854
2752,1570,76.9,742616,7,181097,1243,1289
2538,1907,81.1,403381,9,223008,1399,1618
1539,1253,89.6,466230,5,126740,817,1023
3000,1466,81.8,614307,8,234612,1048,1297
1605,1428,79.7,581225,12,205149,1228,1135
2352,1186,71.0,721289,5,144127,1045,926
3000,2173,89.3,595758,6,91671,1595,1904
1562,1095,66.7,798477,9,119972,846,948
1320,1057,64.4,330924,5,242434,699,807
2399,1904,81.0,679758,11,129314,1373,1633
1992,1067,71.0,582297,9,132733,943,910
2201,1218,86.7,577798,5,108178,1013,940
2028,1034,64.5,314602,8,216199,736,870
3000,2134,85.7,645633,12,123238,1552,1816
3000,1785,84.6,728271,12,132795,1598,1554
2772,2180,78.9,237355,8,147511,1554,1646
2785,2036,61.2,530358,9,150902,1528,1364
2782,1373,64.2,362337,10,146985,1166,1142
1128,848,79.9,792475,7,163155,694,674
2301,1950,76.1,424760,7,217540,1537,1547
1915,1022,83.8,244391,6,218375,940,772
2654,1720,77.5,354937,10,214705,1231,1357
3000,2102,76.8,550764,7,92697,1834,1667
3000,2117,58.6,134784,9,214944,1477,1481
1291,1076,84.6,514593,7,96044,898,862
3000,1930,72.8,750482,6,96827,1759,1560
1688,1219,74.8,692261,5,240876,960,934
2074,1410,69.4,128725,7,218395,1223,1141
1811,1174,65.7,795241,9,171672,1052,938
1008,872,89.8,583083,9,228120,602,753
3000,1853,84.4,196842,6,248139,1597,1513
2485,2011,84.5,88940,12,181862,1862,1664
3000,2187,76.3,203323,11,182257,1800,1654
1477,994,64.1,683487,6,207025,702,794
3000,1979,94.8,95580,11,115624,1362,1573
3000,1995,81.4,247866,8,104247,1452,1627
2088,1646,79.1,625260,8,207927,1121,1337
2802,1864,75.1,502000,12,135358,1499,1586
2849,1886,61.6,643570,8,98637,1265,1502
1041,822,87.1,617228,11,130104,589,743
2293,1159,69.5,116433,5,137761,906,879
3000,1898,82.4,722608,9,243915,1504,1614
1780,1359,84.2,243463,12,197143,1114,1114
2211,1471,80.7,478443,8,167900,1268,1322
2361,1941,81.8,543887,9,244553,1289,1534
2647,1478,88.8,201412,6,233049,996,1253
2606,2113,71.7,782887,12,164600,1412,1707
2707,1239,79.3,431472,5,233494,963,1011
3000,1732,76.2,121503,6,145753,1148,1256
1233,806,63.3,754829,9,115324,704,654
3000,2019,80.3,502113,10,115719,1447,1601
2565,1220,88.0,583419,11,190905,1137,1105
2790,1632,89.0,458127,10,162687,1299,1334
2605,2016,92.9,681011,8,190316,1580,1773
2060,1358,63.8,103856,10,195063,1201,987
3000,1971,91.0,273232,6,78907,1703,1574
3000,2025,79.5,418147,12,84457,1685,1815
3000,1713,90.8,135155,11,168219,1594,1324
3000,1806,74.8,588253,10,108431,1403,1443
1927,925,73.8,363438,7,185693,826,734
2521,1194,68.3,276321,5,171633,912,928
1946,1616,84.2,82433,9,177508,1457,1288
2854,1680,82.1,598278,12,127930,1223,1444
2633,1375,69.1,680343,11,186973,1013,1188
2172,1124,60.7,364429,12,220161,959,839
3000,1729,81.3,486237,8,249662,1234,1456
2602,2027,82.2,243934,6,221728,1457,1602
3000,1632,70.1,527982,5,172562,1210,1371
3000,1854,68.5,88739,8,108850,1583,1367
1955,1636,83.2,431824,6,194253,1500,1301
2778,1725,92.9,543828,10,239089,1470,1536
2840,2199,74.0,741098,11,112077,1975,1741
3000,2167,71.0,354562,9,119799,1762,1510
1391,1242,80.4,630937,11,101076,833,968
1346,874,83.1,510335,7,203926,594,690
2312,1356,75.1,747449,12,146148,1107,1247
3000,1978,94.2,366832,7,85972,1480,1821
2126,1162,85.2,309749,12,228116,832,912
2519,1247,74.9,718742,11,172593,985,1077
2750,2057,65.3,115456,10,132942,1748,1490
1308,1061,88.6,178197,9,135197,812,859
1882,924,87.5,139331,5,125794,823,742
2176,1710,75.6,687039,9,154709,1490,1347
2268,1044,80.8,87637,10,133982,909,796
2718,1341,76.8,700393,6,170891,1268,1127
2120,1284,82.2,404913,11,210366,948,1142
2007,921,69.8,82898,11,193031,777,689
1115,924,68.7,369185,11,126530,838,656
1389,969,84.5,214497,11,167530,798,838
1663,923,85.5,529568,5,222022,819,788
2759,1858,74.1,569138,7,86936,1439,1403
3000,1910,72.0,431020,10,88702,1580,1574
1694,1445,87.2,109174,6,172330,963,1158
2701,1585,72.3,552413,10,186845,1499,1321
1750,1000,78.4,686268,8,111997,890,916
2123,1168,77.4,598633,8,205414,1064,1011
2204,1596,66.3,677570,8,188096,1370,1326
1315,876,79.5,224367,7,236576,618,691
1740,858,78.8,719999,9,104567,566,749
1617,1230,80.9,311979,5,206490,1119,1010
2888,1437,79.3,89651,11,89638,1105,1133
1561,908,95.1,687242,7,173926,662,831
3000,1807,87.3,758111,12,171582,1479,1625
3000,2101,78.3,552002,6,142967,1631,1716
1152,867,79.0,246634,6,222800,733,655
3000,1892,92.1,261256,8,75765,1504,1504
3000,1988,84.9,415947,12,166031,1708,1686
1739,1104,68.2,726438,5,113002,1000,960
3000,1473,85.6,187710,8,205112,1044,1223
1859,1164,87.9,674701,6,82537,872,944
2036,1620,90.9,289738,6,220522,1265,1153
1745,1142,74.8,662182,11,221666,1072,1006
3000,1746,74.2,742595,9,220752,1326,1711
2465,1698,70.5,387796,11,101699,1298,1336
3000,2177,80.5,342836,9,185321,1842,1690
3000,1932,83.9,657599,11,77514,1499,1737
2318,1561,73.9,461228,9,223393,1460,1194
1358,1140,76.9,572803,8,201521,1047,1011
3000,1741,61.6,528437,10,167952,1400,1447
1705,1182,90.1,190080,12,202854,997,955
3000,1803,65.5,688249,5,91507,1203,1397
1744,1099,81.0,220958,9,167515,944,919
1532,938,79.9,751243,7,125973,809,777
2265,1158,78.4,260411,9,245208,877,975
2486,1635,78.6,608394,8,224996,1171,1390
3000,2103,69.9,284952,5,203323,1944,1737
1941,1282,75.4,308805,9,238406,997,1026
2569,1708,85.8,303201,11,135698,1445,1658
3000,1934,88.1,618482,5,232654,1276,1668
3000,1665,74.6,480907,7,131917,1289,1368
1405,938,65.5,715726,6,203239,840,746
3000,1795,71.8,301308,11,203873,1375,1514
2268,1234,92.8,578235,5,78211,1025,1022
1826,1308,72.2,622123,10,138185,933,1031
1506,1072,77.2,189067,9,78401,831,807
3000,1922,89.3,368424,11,249491,1784,1578
1712,903,73.8,427629,8,96384,740,836
3000,2037,76.7,336095,10,169992,1875,1660
2829,1561,84.4,311921,12,213347,1437,1243
1796,1586,91.7,574222,12,110221,1480,1433
1716,964,72.8,235424,10,159884,886,773
2986,1798,89.1,590761,8,181300,1170,1643
2243,1319,75.7,753232,8,103036,1227,1248
3000,2107,70.9,486942,12,211247,1456,1564
1566,1316,80.0,520233,8,127384,871,910
1911,1456,68.7,129632,10,111929,971,1247
3000,1412,81.8,702423,5,172701,1066,1154
1492,963,98.0,285522,8,146805,805,708
1392,863,86.8,522837,6,236050,665,691
2216,1914,77.2,784961,10,229011,1259,1527
2214,1940,86.4,508762,10,159586,1538,1525
2014,1066,70.5,601791,10,137871,834,940
3000,1963,71.9,400630,7,131966,1722,1517
1734,1045,77.4,123463,5,121824,767,710
1633,1194,78.7,654272,5,170296,854,979
2447,1275,67.7,105199,8,215871,927,921
2282,1776,75.5,584474,10,129382,1316,1439
2627,2007,76.8,96504,11,108266,1665,1524
2961,1843,90.3,700860,10,158210,1459,1683
1920,1357,67.7,193498,8,87081,1019,995
2493,1817,66.9,450275,5,197724,1385,1472
3000,1682,79.4,509949,12,165713,1280,1288
1718,946,87.2,409433,8,161866,891,827
2940,1465,82.4,325350,12,127578,1055,1317
3000,2127,80.4,416826,8,233318,1905,1689
1675,1419,75.7,304219,8,90835,1224,1043
2268,1619,83.4,395448,8,227219,1055,1219
3000,1663,84.6,338417,8,140923,1576,1354
2425,1381,75.9,487667,9,229109,1211,1222
3000,1822,70.4,251305,9,202533,1557,1386
1655,1494,70.5,791833,10,93230,1153,1331
3000,2051,85.0,440626,10,220519,1675,1575
2197,1925,65.6,219797,11,194381,1398,1432
3000,2039,91.4,423488,11,80653,1347,1703
2548,1206,74.4,703819,9,98398,1086,1047
2594,1198,80.5,95701,5,186235,1101,907
2566,1514,83.6,569279,7,190955,1058,1359
2411,1503,72.5,474537,5,205664,1332,1290
3000,1560,74.3,202082,11,201043,1361,1234
2390,1298,79.1,668583,10,190416,913,1080
2077,1773,71.2,345597,9,209092,1377,1327
1420,881,69.5,291537,5,175640,684,722
1914,1403,70.2,676250,7,120638,1232,1099
2540,1571,87.7,539738,12,234666,1416,1229
2725,1702,81.2,726747,8,78187,1155,1338
2026,1164,71.7,533516,6,139148,953,982
1436,962,85.0,613389,9,202552,845,746
2396,1871,72.1,682241,9,149752,1657,1508
2167,1310,62.4,119413,7,79346,910,983
3000,2152,83.6,638755,8,86547,1738,1621
1675,915,91.2,521869,8,188512,830,786
2562,1740,82.5,130046,6,243851,1297,1306
2419,1136,62.9,446176,12,171576,883,823
3000,1680,77.8,139370,8,163683,1497,1327
2043,1536,75.8,609882,12,130707,1040,1315
1874,1639,81.0,473481,7,119921,1488,1326
1812,946,71.2,766573,12,78672,703,847
3000,2146,75.3,211857,10,122767,1396,1702
2688,1242,66.6,516344,8,153594,895,1061
3000,1636,79.8,232339,10,109641,1107,1239
3000,1836,66.9,522127,11,90286,1244,1375
2932,1742,81.5,600308,11,200602,1494,1383
1228,1086,72.0,600059,10,231559,776,840
2083,1519,55.0,666853,7,238935,1413,1358
3000,1937,84.4,694556,9,183150,1559,1579
2291,1279,82.0,135636,9,84236,1008,977
1406,821,88.8,327152,9,204651,641,665
3000,2172,61.3,574728,5,94267,1863,1662
2086,1482,72.8,438982,9,192206,1164,1321
2935,1705,79.1,217287,7,211389,1174,1192
1339,1119,82.6,477951,6,202026,1023,1018
1438,925,66.3,373354,11,241580,720,743
2071,1076,81.5,360828,8,204176,723,932
3000,2027,73.4,663023,9,196312,1639,1689
2174,993,63.2,373471,5,120805,838,817
2101,1495,72.0,99047,11,236835,1095,1074
3000,2109,82.1,121806,12,106420,1877,1519
1252,856,63.5,696496,11,233357,728,821
3000,2126,83.1,771633,10,129716,1797,2036
3000,1986,80.3,575655,5,97779,1542,1516
1515,818,76.0,342345,7,219670,768,684
3000,2193,64.9,755792,6,75437,1606,1914
1407,1063,65.6,557218,9,220615,875,887
3000,1593,74.8,687920,9,120905,1183,1340
1063,912,69.0,631414,5,229826,797,816
3000,2150,75.3,352980,12,196009,1428,1807
1961,1341,85.2,424666,7,191582,890,1026
2091,1446,75.8,214015,5,138931,1292,1074
2292,1378,75.6,290250,5,85396,1075,999
3000,1888,75.6,640250,6,220263,1420,1546
2438,2115,86.1,723664,7,104908,1760,1760
1226,824,88.3,601612,6,140145,709,719
1634,800,81.4,414925,7,180062,568,688
2626,1710,79.1,142287,9,159394,1207,1363
1240,940,79.8,121003,8,109766,881,735
2268,1447,89.4,349514,10,99608,1197,1268
1504,987,81.8,413952,8,96568,757,789
3000,1951,90.2,518567,12,226026,1737,1433
1938,1000,74.6,84672,12,80523,808,896
3000,1950,67.3,792600,11,245977,1409,1568
2310,1056,72.6,342036,7,109743,752,882
2169,1346,73.5,690628,8,94306,1035,1103
1156,993,90.8,465176,5,175970,902,870
2086,1502,83.9,173916,9,88998,1004,1105
3000,1927,72.9,654247,12,180429,1379,1561
2657,2088,84.5,591075,10,223860,1917,1695
3000,1601,77.0,459754,10,83382,1099,1374
3000,1741,91.1,450478,11,214977,1461,1498
2906,2083,75.3,142985,10,144034,1487,1666
2123,1213,65.7,552211,9,102911,1009,998
3000,2181,76.5,736097,8,105817,1668,1930
3000,1898,75.3,147136,10,235784,1292,1567
3000,2178,67.3,269728,12,94356,1796,1870
2848,1709,82.7,729662,10,226687,1461,1508
1927,987,89.4,284728,7,170243,843,823
3000,2113,69.0,550839,5,81835,1777,1862
1442,844,85.8,465069,7,156283,675,748
1082,882,73.1,509356,8,218054,711,728
2411,1946,77.8,379368,9,202085,1636,1411
1947,1157,77.0,295994,9,160537,992,827
2637,1889,77.8,114944,7,225509,1599,1492
1949,1735,81.8,615882,6,96064,1433,1469
2225,1174,69.8,617187,7,234240,818,929
1091,961,88.3,562923,12,223127,685,827
3000,2181,82.0,543416,6,198948,1588,1676
3000,2011,84.7,255476,11,218130,1862,1680
2428,1121,71.8,96088,7,170168,984,895
2039,1249,69.1,662275,6,193153,1019,1059
2148,1836,87.5,433620,6,173105,1332,1502
1678,983,68.7,300923,10,137200,672,764
1843,910,79.2,153391,11,174551,837,722
2871,1307,86.2,125160,10,120056,1200,1130
3000,2113,77.0,331184,6,152049,1444,1695
1589,1094,87.4,659411,6,124136,973,945
3000,1703,75.8,741481,5,96505,1335,1436
2671,2038,67.8,725661,12,131326,1523,1775
3000,1773,81.0,742401,6,224098,1546,1589
2213,1431,79.6,733562,12,141689,1194,1193
2119,1850,98.0,459602,10,205901,1635,1602
2270,1532,70.4,237979,6,105660,1030,1150
2859,2054,76.0,654594,9,149273,1531,1741
2077,1120,72.2,233873,5,95100,835,913
3000,1712,76.9,272389,6,99259,1282,1221
2868,2056,76.5,247943,10,183051,1646,1505
2463,1236,71.0,450787,10,181309,908,978
1834,1580,81.7,311716,8,112340,1238,1183
3000,1876,76.3,190992,10,158024,1426,1459
2515,2136,88.8,406285,12,226079,1860,1943
3000,2104,72.8,709213,5,105485,1749,1846
2963,1525,92.9,490798,12,78362,1290,1281
1514,830,80.2,712402,10,189099,592,754
2279,1136,88.2,221028,9,84362,849,926
1780,982,78.9,200221,7,246490,645,789
3000,1846,71.8,494416,9,181684,1260,1412
2532,1343,75.9,413597,11,157319,980,1022
3000,1897,66.9,555324,12,150249,1270,1635
3000,1833,77.1,652131,9,175287,1523,1546
1793,1459,79.4,620941,5,90859,1385,1221
1612,959,78.4,758428,5,237753,652,884
2277,1837,88.6,366745,8,184487,1647,1458
3000,2001,76.8,228598,10,107196,1372,1554
1975,1211,62.8,476657,8,173452,1031,1069
3000,1811,98.0,159735,5,98320,1527,1443
1000,852,72.5,287973,10,78072,785,628
1586,1207,85.7,229679,5,185340,826,979
2700,1646,66.0,365526,5,188485,1226,1253
3000,1845,80.0,160076,7,177147,1249,1356
2820,1853,71.6,102926,9,107110,1431,1418
2353,1502,55.4,552892,8,180600,1387,1249
1997,1059,75.7,519379,12,84889,937,833
3000,2028,77.6,590018,8,181617,1758,1554
2689,1882,76.2,555478,6,171953,1524,1515
2444,1575,79.9,162292,11,189670,1441,1158
2458,1835,75.8,289577,7,231708,1440,1307
3000,2113,78.6,173259,5,223813,1468,1607
2051,1649,79.4,686940,5,246614,1486,1442
1740,1153,77.7,617771,7,245842,846,998
2142,1898,76.6,225099,10,210156,1264,1459
2247,1672,70.9,325743,8,242373,1150,1407
3000,1790,82.8,775963,5,226775,1491,1678
2727,2064,75.7,507795,11,202327,1718,1741
2159,1817,75.1,656832,6,88192,1323,1441
3000,1977,82.1,270506,8,83584,1716,1723
2132,1919,79.7,231238,9,221580,1693,1633
1304,1093,72.4,644420,12,160690,1012,922
2004,1008,88.0,573828,12,217556,832,942
3000,2166,68.5,570304,11,129761,1914,1688
3000,1911,69.7,477897,7,144589,1674,1328
3000,1617,83.3,485776,8,197533,1176,1270
2201,1189,92.0,609702,12,235182,884,1057
1301,1124,73.4,274402,9,90358,892,864
3000,1739,81.3,333993,6,225759,1140,1473
3000,1688,68.5,707578,10,213777,1248,1301
3000,1980,70.6,302383,12,130219,1568,1432
2434,1467,87.1,473343,7,137163,1001,1269
1942,1432,80.9,585900,10,83131,985,1091
2793,1376,87.3,799946,12,77755,1086,1221
1778,936,86.7,393410,11,158476,814,789
2673,1227,61.3,388227,5,91719,1104,919
1794,1411,68.4,686664,10,108950,1148,1204
2305,1710,80.2,659962,5,223184,1355,1227
2157,1618,64.4,606375,11,174930,1238,1467
1853,940,69.6,413525,12,185886,665,760
2488,1906,89.4,313236,9,107809,1323,1521
1145,976,73.7,518286,8,220016,866,912
2192,997,83.7,710881,6,226896,787,789
1604,1423,77.8,716320,9,166582,1262,1111
3000,1490,72.6,158119,6,234698,1283,1257
1802,1200,64.7,388412,10,222845,850,854
2573,1270,79.9,414600,6,202982,1020,1069
1739,1017,89.6,783883,10,203463,797,868
3000,1728,72.8,568159,6,93444,1343,1270
3000,1431,78.5,373217,7,122396,1163,1202
1943,1750,65.8,98762,9,86698,1653,1339
2017,1705,72.6,487077,12,76519,1524,1383
1340,974,80.7,149175,12,102704,897,868
1509,822,83.9,680804,7,229085,542,671
2148,1034,82.4,621813,8,116978,716,929
2948,1836,61.7,411567,12,244777,1240,1499
3000,1924,74.3,389032,8,179526,1403,1629
2259,1728,70.3,726084,5,116520,1352,1361
2625,1322,75.5,287690,12,161998,1114,991
2662,1230,77.1,259294,5,113342,984,928
2222,1592,86.5,756222,12,247195,1466,1385
2190,1332,80.4,662657,12,223271,1241,1192
2124,1778,89.3,670850,5,79592,1243,1478
3000,2116,72.4,220540,11,240861,1917,1677
2660,1609,66.7,183173,8,201186,1278,1368
2155,1712,89.6,98741,6,89417,1346,1309
3000,1924,81.5,250670,10,192362,1704,1488
3000,2127,72.1,637417,11,188212,1442,1819
2796,1670,81.5,252828,6,113288,1528,1172
2336,1339,84.7,604954,9,207728,1140,1025
2022,1823,79.0,261374,8,90236,1664,1398
3000,2178,72.2,364611,12,160653,2065,1645
3000,2126,74.5,787877,12,76737,1712,1763
1542,1026,80.3,256264,12,244529,696,874
2385,2059,79.6,350987,10,206524,1441,1692
3000,1672,87.7,296783,10,102799,1249,1370
3000,1691,75.8,158930,10,134793,1152,1338
2505,1836,70.3,432724,5,103098,1642,1390
1469,1009,98.0,352657,10,209158,746,884
2005,1540,79.4,580319,10,85307,1452,1337
2075,1196,84.7,668668,8,222071,1029,1081
2443,1923,82.2,471860,6,239884,1350,1633
1238,830,79.5,103181,11,193410,658,650
3000,1697,76.2,525624,11,112269,1341,1362
2485,1448,55.6,119881,12,138016,1155,1086
1720,1128,69.5,523777,6,158517,914,907
3000,1989,80.6,573222,7,180809,1311,1573
3000,1751,56.2,222393,7,192016,1499,1458
2128,1923,78.6,669929,9,171988,1531,1749
1685,1420,83.3,735981,8,136480,1260,1187
3000,1996,84.7,665423,7,230911,1786,1784
1139,961,82.8,299679,7,89244,691,779
2957,1575,85.7,502383,8,156595,1047,1285
3000,2086,90.8,738667,6,210724,1796,1824
1500,1073,86.8,310879,12,85653,1012,836
2753,1826,79.6,670420,9,198434,1432,1460
3000,1851,76.9,86822,9,218450,1347,1470
2329,1125,78.9,82626,9,190645,784,912
3000,1739,75.8,626992,7,77264,1280,1680
3000,1972,86.9,628242,6,106524,1476,1635
1600,1339,82.6,648064,9,134870,1041,1082
2363,1287,75.0,749619,8,115896,1090,1158
2515,1621,88.6,164893,9,243464,1186,1287
3000,1888,75.7,247029,11,189029,1256,1441
1333,1155,70.4,730682,5,126970,880,900
2719,2075,77.9,207610,6,237697,1881,1566
2037,1034,71.4,571205,5,204604,827,901
1641,1026,85.5,461933,6,124806,964,860
3000,2136,71.2,139899,10,141304,1711,1545
1291,848,77.1,285390,8,109900,621,746
1871,917,85.5,454668,10,244938,649,735
1641,853,72.3,693692,7,165527,732,686
1909,1364,81.3,589428,7,231810,1106,1203
2295,1867,70.2,527756,10,135637,1552,1645
1173,852,80.0,437144,6,225647,747,695
2867,1357,82.5,295052,9,84430,1178,1023
3000,1925,77.7,165856,5,246866,1276,1477
2812,1667,78.3,374535,8,234606,1485,1231
2102,1197,81.6,100533,9,138561,969,1087
2947,1961,75.8,231960,7,210576,1505,1547
2930,1474,85.1,391388,9,206645,1196,1288
1987,1186,89.0,381396,12,232720,989,974
1118,910,70.6,111893,12,128770,632,776
1755,1413,92.1,504123,10,156466,1095,1146
1379,816,75.6,475773,12,226375,613,644
3000,2005,94.0,136235,10,211251,1514,1639
2422,1683,75.7,759077,11,143857,1140,1512
2756,1340,83.7,151556,11,223002,935,1228
1882,970,83.6,695481,5,83217,678,904
1658,1208,74.9,80223,12,211858,920,1003
1754,1539,78.6,715242,7,111184,1413,1219
2437,2011,89.5,94198,6,125071,1431,1464
3000,1657,75.4,625625,12,161313,1284,1343
1358,1029,74.7,340417,8,153704,765,799
1385,918,68.8,611516,10,166100,814,669
3000,1979,90.5,369257,12,170336,1316,1788
3000,1583,74.2,131054,8,133017,1122,1149
1548,1264,87.6,632605,7,105665,901,980
1397,903,73.2,131302,6,209484,856,664
2445,1497,87.3,743927,11,144996,1229,1212
1651,974,84.5,116701,10,163522,674,803
3000,1544,76.2,425114,5,187822,1130,1170
2522,1957,72.1,600585,8,234187,1371,1637
2911,1464,72.8,363137,12,198822,1006,1274
1549,832,72.7,236408,7,82955,740,629
1462,854,86.5,626545,8,221748,682,696
2464,1318,79.3,644692,12,248137,1106,1087
2415,1555,69.1,744340,11,157685,1165,1233
1016,811,76.0,350839,11,244678,662,630
2783,1519,77.0,444501,6,170783,1105,1236
2271,1354,60.9,341452,5,155433,1005,940
2113,1172,76.4,265099,11,132996,991,908
1888,1283,83.8,620744,6,190072,892,1075
3000,1772,76.9,324549,11,115219,1480,1440
3000,2051,80.0,388268,10,93363,1858,1391
1698,1422,81.9,370645,9,79766,976,1180
1764,1106,75.3,593116,6,126167,1017,973
2427,1256,83.8,740813,6,144260,846,1045
1893,959,89.7,560064,8,171613,724,739
1858,1130,65.8,419539,11,126231,941,866
3000,1575,75.2,641028,6,247210,1288,1252
1428,1024,96.6,541499,7,126055,695,922
2765,1782,79.4,123639,10,152171,1585,1293
3000,1528,77.7,148878,8,93073,1439,1176
3000,1868,75.9,107300,8,120610,1316,1589
3000,2037,88.2,408908,9,83458,1871,1692
3000,1882,70.5,674614,10,172914,1538,1595
1728,1443,85.4,305420,12,206436,1343,1159
2903,1415,75.8,356595,7,109249,994,1212
1444,994,72.0,734824,10,139384,882,857
1669,1288,76.2,682570,6,77908,860,1175
1303,956,77.6,558835,9,221916,875,879
2198,1409,74.0,272099,7,211494,1201,1119
2820,2049,86.9,164270,9,86069,1559,1608
1759,1211,72.1,91562,10,138852,856,933
2532,2028,79.1,157048,5,242175,1815,1469
2712,1902,82.3,290669,10,143605,1581,1537
3000,1947,79.0,477289,6,167087,1476,1431
2014,1270,84.2,126080,9,137168,995,952
3000,2041,74.5,178084,5,179323,1833,1624
2526,1315,83.0,210378,6,246177,988,1078
3000,1927,83.2,535027,9,249563,1304,1594
2304,1192,85.7,523369,9,210575,1101,1037
2095,1430,62.9,476551,10,145754,1096,1247
2700,1407,82.1,260361,11,161526,1062,1125
2254,1779,85.2,347206,9,137428,1265,1301
1533,1233,74.7,149617,9,247476,1133,978
3000,2154,73.6,243052,8,198858,1541,1722
3000,1966,72.4,726348,11,153563,1653,1743
1836,1339,69.7,785378,9,77120,1224,1042
1260,1077,83.3,546315,10,166085,711,809
1285,1032,96.3,740113,8,247187,927,905
3000,1913,73.6,542774,8,166536,1479,1581
3000,2022,74.3,103901,12,106925,1713,1534
1600,1161,78.1,797669,5,78866,884,1054
1411,825,65.2,151246,6,137073,708,620
3000,1848,72.4,571502,8,235690,1342,1629
2378,1306,77.5,262042,7,249397,857,1092
2881,2124,70.8,362226,8,240439,1985,1546
3000,2162,87.6,545073,12,202648,1416,1738
1535,1066,67.6,394271,7,172675,956,763
2348,1260,85.2,260393,12,178370,883,1067
1403,1255,89.7,320801,12,169324,963,1027
3000,2183,81.1,325915,11,198734,1958,1908
2812,1891,76.9,770713,5,148303,1346,1634
3000,1806,80.0,655001,7,192111,1643,1398
1961,1662,74.5,410155,5,96282,1328,1250
2540,1290,61.7,223871,5,121497,980,845
2508,1872,70.2,663932,5,221301,1589,1536
2514,1363,77.9,193171,7,233156,1026,1260
3000,1925,70.5,231533,7,169326,1452,1492
1744,1015,74.7,343530,5,80536,883,808
2601,1358,81.8,713851,11,237220,1009,1187
1751,958,79.2,174886,5,197861,680,760
1921,1288,86.5,168009,11,147455,1149,1019
2955,1485,80.4,435662,6,179716,1324,1263
2941,2065,80.8,279016,11,150211,1651,1576
2753,1593,72.3,489484,11,156434,1287,1258
1544,804,67.4,405178,11,230192,690,603
1760,1160,74.7,393171,5,103190,931,909
1803,1258,72.2,160621,9,93142,975,894
1681,1047,76.7,181556,6,75478,993,881
3000,1745,69.5,671177,6,129950,1212,1399
2592,1221,84.7,717836,12,100797,1011,963
1383,814,72.2,248972,6,113497,745,584
2805,1535,75.1,161692,9,76967,1314,1214
3000,1945,77.8,118460,6,114759,1778,1543
1300,1076,87.0,517974,6,133225,808,893
1697,1252,92.1,595054,7,80524,916,999
3000,2117,92.6,348423,10,181383,1917,1683
2803,1397,67.7,569367,12,174540,1073,1129
2543,1245,75.0,593330,7,91981,1074,1076
1571,1009,73.5,753446,5,179127,701,843
1813,1513,81.0,126709,12,249764,1327,1145
1741,1101,80.5,218450,5,240282,897,816
2770,2046,73.3,129339,12,75467,1495,1529
1139,802,72.7,704956,11,214191,640,676
3000,1789,70.0,650663,8,136881,1537,1602
2267,1916,56.8,493742,12,86139,1252,1528
2652,1319,67.6,140238,10,126797,1110,1007
2029,1292,84.9,276785,9,131304,1050,1013
3000,2058,89.7,294358,7,166568,1474,1825
1701,1419,88.8,483735,12,190690,1243,1244
2919,1984,85.3,265792,5,206085,1470,1652
1354,1130,69.9,132531,9,118033,828,891
2443,1132,68.6,606149,6,131310,896,930
1688,849,63.5,295338,9,128967,724,721
2669,1662,73.3,405709,7,138479,1543,1201
1442,1071,78.7,171920,10,249940,742,917
2933,1379,69.9,657835,8,211140,1060,1210
3000,2075,81.4,487183,11,245623,1390,1771
1736,1359,83.2,729142,7,196294,1193,1090
2571,1495,74.2,436740,11,146097,1173,1298
3000,1913,67.3,757826,10,143205,1649,1721
1375,1245,89.0,722145,5,160502,930,994
2473,1816,78.3,495051,11,147952,1640,1433
3000,2155,93.5,752403,5,219957,1747,1729
2527,1962,78.7,312624,9,156375,1831,1603
1416,1156,79.3,343262,7,126733,779,901
1853,1073,70.3,112744,5,210601,863,920
3000,1842,74.6,504225,6,224524,1621,1345
1804,1110,65.5,599785,6,148575,921,845
3000,1669,67.3,636934,8,191867,1096,1381
3000,1685,83.9,187868,9,85291,1587,1403
1126,953,75.7,399795,5,167656,705,769
3000,2083,74.6,207342,8,82872,1510,1616
2198,1419,72.1,556732,6,80108,1129,1170
2382,1682,74.9,193721,8,182262,1367,1304
2735,1596,87.1,730998,12,128084,1404,1491
1326,924,79.2,246057,8,204944,710,698
2602,2177,68.6,289810,5,231814,1702,1588
2309,2096,86.2,692653,5,99393,1699,1802
2261,1418,91.8,410097,5,201791,1089,1268
2109,1044,82.0,97277,9,165041,965,794
2849,1647,85.1,436102,11,94621,1491,1401
2747,1249,87.8,140871,8,189029,982,979
2447,1729,64.7,789448,8,181657,1124,1481
2916,2070,92.9,503440,9,165237,1905,1567
1683,1319,86.8,264703,6,237132,907,1010
2515,1964,81.9,485877,7,166189,1421,1530
1641,1161,77.0,135344,11,248340,808,883
1592,807,67.3,655922,6,164115,568,565
2677,1277,75.3,746236,9,95274,1138,1232
3000,2175,81.6,709600,11,157332,1792,1589
1754,1294,69.2,326065,11,106908,1212,1050
3000,1632,77.4,314553,8,179498,1174,1205
2721,1862,68.5,105263,8,196298,1482,1281
1704,1392,74.9,549008,5,156976,1313,1116
2028,986,67.2,465131,5,92098,885,823
2795,1553,66.3,410729,12,157012,1349,1180
1143,892,80.7,733494,8,89254,630,701
1392,885,73.4,200873,8,194372,780,627
2644,1867,74.1,86960,10,213314,1408,1445
1788,936,72.9,132788,11,243417,757,689
1950,1220,98.0,240827,5,101040,1016,1059
1910,873,82.9,103966,5,168174,727,629
2296,1979,83.7,442047,6,174319,1718,1630
3000,2078,71.8,306145,8,236433,1763,1781
1581,970,82.0,209948,11,184773,650,781
1602,969,76.2,620061,8,100464,763,720
2419,1671,71.7,227205,9,151361,1419,1327
2132,1121,93.4,575076,6,189583,828,943
2588,1255,82.6,331471,7,197550,934,1020
3000,1743,82.2,448516,7,226038,1198,1565
3000,1589,70.2,752384,7,106589,1232,1346
2874,1412,67.8,106893,11,241520,1336,1139
3000,1978,77.5,440190,10,85349,1455,1549
3000,1688,73.4,695185,5,247158,1366,1377
1646,1148,82.9,503341,11,225109,1002,1021
3000,1996,83.4,279347,7,190548,1305,1594
1172,809,78.5,366330,9,203624,744,660
2484,1539,84.6,569791,12,87721,1179,1392
2953,2088,79.5,721385,11,82259,1902,1955
3000,2070,71.0,109568,11,92809,1370,1468
2117,1466,76.4,131508,12,90288,1017,1110
1625,1345,79.1,314037,5,170792,1004,1135
1559,928,85.4,247601,5,112703,699,824
1628,1400,79.8,270750,7,225536,1266,1064
1715,1404,73.4,239314,5,153006,917,1077
1510,1126,85.7,220994,12,196714,948,924
2866,1779,81.0,174049,6,189253,1226,1399
1897,1203,90.4,752447,12,130974,1079,1079
2827,1428,78.7,183816,12,117554,1262,1255
3000,2182,69.7,227171,6,134930,1746,1453
2380,1517,87.4,257311,12,214415,1083,1191
2699,1840,73.4,751771,7,177598,1546,1594
1554,1073,80.4,624114,11,119369,748,880
2896,1484,79.5,648584,9,218123,1049,1292
1059,915,78.4,155426,5,84583,767,734
1849,1660,76.6,682143,8,197357,1573,1498
2947,1492,64.8,373899,11,151843,1369,1228
3000,1914,70.0,269233,7,202976,1585,1621
2370,1905,87.0,494540,10,237306,1546,1590
1526,1123,81.4,671972,5,206256,1066,909
3000,1760,93.3,640630,7,152344,1433,1376
1867,913,69.7,720798,12,101421,709,744
3000,1881,77.8,748255,7,216111,1736,1590
1554,953,87.3,251448,9,155623,686,770
3000,2089,73.5,385178,8,88180,1419,1678
2420,1114,74.1,90533,5,200835,936,953
3000,1864,75.7,713112,7,126074,1265,1632
1208,904,74.4,191292,7,83555,689,725
3000,2016,82.3,700262,11,232981,1567,1916
2767,2101,63.8,317159,5,159543,1711,1543
1539,1153,91.1,345056,12,124168,1092,924
3000,1815,70.3,108175,7,200368,1300,1483
2368,1532,61.1,315353,7,230033,1168,1208
3000,1508,77.9,719622,7,75054,1040,1287
2490,2079,75.0,98394,6,195374,1730,1536
2411,1450,76.6,372556,6,209227,1259,1140
3000,1623,80.5,102608,8,111737,1290,1260
3000,1746,83.2,347065,9,160684,1264,1424
1857,1460,91.5,204301,11,90625,1221,1151
1350,898,72.5,261597,11,205681,729,734
2470,1387,84.2,711871,5,223305,973,1229
1379,1081,83.7,393955,9,93933,834,842
2602,1202,56.9,277135,12,217881,938,1004
3000,1932,71.3,504324,9,210025,1825,1446
1924,1499,67.7,182317,11,135710,1356,1185
1231,998,81.6,266762,12,195801,869,825
2538,2126,80.7,473299,6,75008,1949,1686
2365,1126,80.9,251017,8,238065,980,911
1251,953,75.6,568972,12,171317,878,780
2105,1351,76.4,433874,12,183559,900,1078
1919,1204,77.8,635832,9,191315,947,1011
2218,1261,74.8,762736,11,173240,1102,1056
1098,931,84.2,163380,9,224934,768,775
2146,1590,69.4,320959,7,181698,1117,1058
3000,1673,71.7,310075,5,233858,1258,1294
1854,883,79.0,188852,8,176908,658,618
3000,1553,75.1,663418,11,104946,1131,1251
1600,1427,69.1,627113,5,234873,1074,1089
2820,1932,82.3,428786,12,194285,1554,1729
1827,1020,73.4,467195,6,197367,925,881
1896,1352,71.2,122872,9,247459,1180,1031
3000,2191,76.6,479965,9,88159,1973,1782
3000,1970,70.9,649766,10,150004,1803,1742
1074,911,77.7,493156,5,116842,706,771
2969,1414,75.1,271021,6,185325,1066,1079
3000,1723,73.9,560635,11,216192,1150,1501
1510,1274,73.9,340272,10,244104,1184,941
2756,1635,86.0,472309,12,154554,1095,1353
1534,1070,81.0,431047,10,212588,933,906
1869,1220,64.3,354446,7,235484,931,904
1954,1506,85.1,597592,10,194582,1408,1237
3000,2190,82.1,716391,10,117478,1699,1685
3000,2103,81.7,83753,7,181374,1882,1650
3000,2106,85.1,752204,9,244742,1547,1716
1000,839,78.1,448291,9,247822,621,639
1761,988,83.0,584527,12,187413,819,917
2929,1987,74.3,696050,8,230223,1886,1588
3000,1793,84.8,416315,10,110061,1444,1555
2107,1335,79.7,681181,5,118064,1243,1182
2397,1827,67.0,207886,9,241755,1618,1472
1427,1089,86.3,194601,6,98666,968,830
2397,1232,77.0,553379,11,108444,962,1019
1768,1270,75.9,706503,5,148596,973,986
3000,2004,74.5,722547,8,178177,1418,1502
2747,2071,75.0,543493,10,180668,1945,1775
2075,1427,79.8,458352,7,126096,1338,1200
1738,1078,70.1,318603,8,236107,942,872
3000,1676,65.5,785600,5,235142,1238,1153
2932,1380,69.5,310181,7,143612,999,1081
2206,1662,81.1,615814,12,151001,1573,1457
1573,1053,76.7,463027,6,197937,705,910
1239,980,86.9,518129,7,191024,885,817
2458,1480,77.5,363306,7,141902,1120,1197
2609,1624,84.7,774673,6,147493,1260,1334
3000,1499,72.5,491611,9,135907,1348,1269
2898,1365,74.5,755207,9,116192,924,1163
3000,2149,78.1,85466,7,155174,1625,1546
3000,2180,76.8,492323,11,195126,2040,1663
3000,1479,76.1,596375,7,204844,1272,1169
2365,1190,71.0,616458,8,211303,1043,1015
2106,1908,65.3,731583,11,140578,1674,1440
3000,2140,83.0,83169,9,208811,1430,1619
1581,1011,82.2,80238,6,76140,719,838
1600,1183,73.1,420030,10,158484,943,863
1506,1141,81.0,101091,10,213933,868,906
1876,1643,76.7,781663,7,185258,1270,1412
3000,1861,86.8,239887,7,157961,1646,1454
1693,1219,67.5,420319,10,187812,798,1006
1794,1550,77.0,124019,8,233716,1315,1155
2697,1992,76.3,455875,8,174117,1295,1677
3000,2166,79.3,353568,8,214963,1449,1606
2250,1105,90.3,112155,12,246630,854,1010
2449,1501,77.0,321289,5,198474,1354,1284
2598,1668,83.9,361834,6,175332,1157,1149
2907,1336,76.8,792743,5,81560,1091,1221
2555,1935,86.6,229678,7,140534,1652,1461
1344,1005,84.0,472241,8,173952,722,891
2853,2008,75.3,790867,8,214511,1614,1798
1671,1295,74.8,650254,10,151668,1196,1005
2837,1870,81.9,795225,12,243010,1503,1691
2739,1303,72.8,777175,10,122564,908,1085
3000,1845,79.5,432468,11,205299,1547,1574
1572,1012,75.2,581391,8,148330,838,835
2360,1109,80.9,159519,12,160048,730,859
1684,1460,76.7,397627,9,215438,989,1060
2066,1552,72.5,662493,10,126838,1082,1306
1845,1071,86.8,443841,6,91942,740,904
3000,1737,79.9,585943,12,166045,1264,1469
2316,2025,77.6,616941,5,167539,1592,1550
1283,831,81.4,262498,12,214504,633,652
2253,1242,64.6,710504,6,244456,1139,956
1795,961,94.7,411072,10,84678,801,853
2822,1566,78.2,231333,8,178546,1430,1072
1530,1053,62.3,703099,7,194224,851,904
1588,1320,87.6,380830,12,247515,894,1079
2788,1776,72.0,620225,9,239953,1401,1517
1004,809,86.3,474584,10,199679,725,692
3000,1525,79.0,354948,6,166313,1080,1239
2116,1304,65.4,663111,12,103267,883,1067
2295,1584,80.1,500818,7,142231,1186,1375
2400,1235,79.5,361205,10,177396,947,912
3000,1934,87.2,158910,8,201910,1435,1650
1372,952,82.2,724721,11,186195,657,765
3000,1716,68.1,105538,8,199971,1245,1276
3000,1668,86.0,701495,8,150102,1426,1559
3000,1925,74.7,339172,8,202335,1474,1740
1787,1552,91.8,540324,10,100155,1303,1313
3000,2014,75.2,743984,11,103453,1633,1583
2642,1362,76.3,189229,9,103496,1110,1139
2380,1904,71.4,488204,9,230901,1380,1518
1741,1288,74.0,630392,6,88306,1039,978
3000,1694,71.9,625460,10,215264,1113,1441
2144,1911,87.4,458455,12,115875,1490,1457
3000,2017,67.3,529812,12,156975,1658,1672
